date,channel,platform,impressions,clicks,page_views,conversions,revenue,cost
2025-01-01,social,LinkedIn,11611,886,967,24,1225.53,58.05
2025-01-01,social,X,4084,145,85,6,71.25,20.42
2025-01-01,social,YouTube,15209,597,514,38,492.31,76.05
2025-01-01,social,Instagram,5056,385,556,43,563.0,25.28
2025-01-01,email,Mailchimp,13998,188,156,11,183.25,69.99
2025-01-01,website,Organic,14734,296,200,10,508.06,73.67
2025-01-01,paid,GoogleAds,6922,119,161,6,89.23,138.44
2025-01-02,social,LinkedIn,3057,151,215,14,512.2,15.29
2025-01-02,social,X,11293,480,904,50,1121.07,56.47
2025-01-02,social,YouTube,6890,406,351,27,979.02,34.45
2025-01-02,social,Instagram,12255,748,697,82,1304.07,61.27
2025-01-02,email,Mailchimp,14701,316,320,36,1119.06,73.5
2025-01-02,website,Organic,3543,225,305,32,822.0,17.71
2025-01-02,paid,GoogleAds,12474,643,880,57,2963.91,249.48
2025-01-03,social,LinkedIn,9845,425,635,16,721.19,49.23
2025-01-03,social,X,15602,466,502,43,478.51,78.01
2025-01-03,social,YouTube,16128,562,796,55,1150.07,80.64
2025-01-03,social,Instagram,10418,198,172,10,535.71,52.09
2025-01-03,email,Mailchimp,3640,78,85,4,67.39,18.2
2025-01-03,website,Organic,15107,1064,976,60,1676.31,75.53
2025-01-03,paid,GoogleAds,13466,1037,753,28,604.74,269.32
2025-01-04,social,LinkedIn,8645,93,162,6,144.58,43.23
2025-01-04,social,X,5773,227,239,18,1037.79,28.87
2025-01-04,social,YouTube,17891,1368,2027,190,6238.12,89.45
2025-01-04,social,Instagram,13857,524,571,38,1140.84,69.28
2025-01-04,email,Mailchimp,7245,106,86,3,81.01,36.23
2025-01-04,website,Organic,2722,46,62,4,229.79,13.61
2025-01-04,paid,GoogleAds,1835,27,21,1,41.72,36.7
2025-01-05,social,LinkedIn,12383,645,781,24,825.68,61.91
2025-01-05,social,X,16269,709,686,23,1092.13,81.34
2025-01-05,social,YouTube,9675,420,645,46,931.99,48.38
2025-01-05,social,Instagram,12853,260,341,7,254.84,64.27
2025-01-05,email,Mailchimp,3982,233,207,11,201.87,19.91
2025-01-05,website,Organic,8300,392,654,34,719.17,41.5
2025-01-05,paid,GoogleAds,7394,491,848,79,1685.62,147.88
2025-01-06,social,LinkedIn,17961,799,1275,151,7475.36,89.81
2025-01-06,social,X,16474,463,712,82,2653.63,82.37
2025-01-06,social,YouTube,12453,957,1001,42,896.38,62.27
2025-01-06,social,Instagram,7445,250,305,36,1458.47,37.23
2025-01-06,email,Mailchimp,1062,46,68,6,85.43,5.31
2025-01-06,website,Organic,4929,363,607,57,1932.39,24.64
2025-01-06,paid,GoogleAds,6849,276,401,11,630.39,136.98
2025-01-07,social,LinkedIn,13970,592,956,27,484.46,69.85
2025-01-07,social,X,5162,61,84,5,213.96,25.81
2025-01-07,social,YouTube,16543,926,949,71,1174.99,82.72
2025-01-07,social,Instagram,1466,96,152,4,189.9,7.33
2025-01-07,email,Mailchimp,5562,224,404,41,842.64,27.81
2025-01-07,website,Organic,9252,230,287,27,710.09,46.26
2025-01-07,paid,GoogleAds,14730,1007,595,55,3018.69,294.6
2025-01-08,social,LinkedIn,17933,707,1326,93,3402.99,89.67
2025-01-08,social,X,17729,200,232,8,81.57,88.64
2025-01-08,social,YouTube,5908,130,157,14,529.53,29.54
2025-01-08,social,Instagram,11681,674,873,59,2880.65,58.41
2025-01-08,email,Mailchimp,2861,78,71,6,212.31,14.3
2025-01-08,website,Organic,1913,120,224,14,568.77,9.56
2025-01-08,paid,GoogleAds,17565,920,735,35,1239.27,351.3
2025-01-09,social,LinkedIn,16664,758,660,47,2528.55,83.32
2025-01-09,social,X,9506,709,1303,52,1683.57,47.53
2025-01-09,social,YouTube,14652,271,315,8,176.26,73.26
2025-01-09,social,Instagram,3396,84,80,2,97.69,16.98
2025-01-09,email,Mailchimp,12999,260,474,55,1153.87,65.0
2025-01-09,website,Organic,4084,154,189,22,1135.69,20.42
2025-01-09,paid,GoogleAds,6290,373,742,44,1366.81,125.8
2025-01-10,social,LinkedIn,12685,409,647,14,527.84,63.43
2025-01-10,social,X,15432,913,982,70,1734.09,77.16
2025-01-10,social,YouTube,3106,55,103,4,215.28,15.53
2025-01-10,social,Instagram,3754,107,59,5,117.61,18.77
2025-01-10,email,Mailchimp,5245,353,626,54,3094.2,26.23
2025-01-10,website,Organic,14302,292,548,42,1890.88,71.51
2025-01-10,paid,GoogleAds,3931,116,197,7,383.35,78.62
2025-01-11,social,LinkedIn,9812,742,1077,107,1518.02,49.06
2025-01-11,social,X,8287,121,217,14,377.41,41.44
2025-01-11,social,YouTube,14689,1099,991,32,1163.06,73.45
2025-01-11,social,Instagram,8813,666,1301,60,1143.44,44.06
2025-01-11,email,Mailchimp,11223,606,785,31,1000.81,56.12
2025-01-11,website,Organic,6829,197,335,40,473.9,34.15
2025-01-11,paid,GoogleAds,1604,98,130,5,168.69,32.08
2025-01-12,social,LinkedIn,15649,272,470,29,1007.75,78.25
2025-01-12,social,X,13880,1081,1039,43,923.57,69.4
2025-01-12,social,YouTube,7508,512,798,66,1995.5,37.54
2025-01-12,social,Instagram,12388,975,1711,36,1485.81,61.94
2025-01-12,email,Mailchimp,9375,376,219,18,522.79,46.88
2025-01-12,website,Organic,17578,1000,922,40,986.12,87.89
2025-01-12,paid,GoogleAds,16055,368,332,6,169.24,321.1
2025-01-13,social,LinkedIn,11778,919,1213,53,3089.02,58.89
2025-01-13,social,X,11143,281,217,11,156.14,55.72
2025-01-13,social,YouTube,10139,458,367,25,256.19,50.7
2025-01-13,social,Instagram,9656,648,463,36,1069.16,48.28
2025-01-13,email,Mailchimp,10818,338,287,22,802.11,54.09
2025-01-13,website,Organic,6087,341,536,57,1680.12,30.44
2025-01-13,paid,GoogleAds,11686,706,876,42,1719.29,233.72
2025-01-14,social,LinkedIn,5743,75,131,14,579.13,28.71
2025-01-14,social,X,17565,346,444,31,1604.15,87.83
2025-01-14,social,YouTube,1526,103,141,15,662.17,7.63
2025-01-14,social,Instagram,8534,136,76,6,347.85,42.67
2025-01-14,email,Mailchimp,13341,913,1221,101,4172.44,66.7
2025-01-14,website,Organic,9013,398,200,19,900.85,45.06
2025-01-14,paid,GoogleAds,17481,1273,812,58,2742.61,349.62
2025-01-15,social,LinkedIn,16527,457,279,12,557.6,82.64
2025-01-15,social,X,7724,201,296,19,993.25,38.62
2025-01-15,social,YouTube,3514,152,231,22,898.67,17.57
2025-01-15,social,Instagram,7497,115,82,3,141.48,37.48
2025-01-15,email,Mailchimp,10975,586,410,27,925.83,54.88
2025-01-15,website,Organic,4261,249,376,18,644.88,21.3
2025-01-15,paid,GoogleAds,16226,691,1140,136,5093.72,324.52
2025-01-16,social,LinkedIn,11212,879,1673,36,1186.15,56.06
2025-01-16,social,X,17600,1368,1606,75,1536.89,88.0
2025-01-16,social,YouTube,7904,120,76,7,161.63,39.52
2025-01-16,social,Instagram,12781,246,425,30,1630.29,63.91
2025-01-16,email,Mailchimp,12966,339,625,42,472.15,64.83
2025-01-16,website,Organic,1117,85,129,7,324.51,5.58
2025-01-16,paid,GoogleAds,14637,498,485,50,504.35,292.74
2025-01-17,social,LinkedIn,12084,830,564,63,2876.02,60.42
2025-01-17,social,X,10497,291,173,10,534.99,52.48
2025-01-17,social,YouTube,3503,123,140,6,74.48,17.52
2025-01-17,social,Instagram,4332,58,86,7,122.12,21.66
2025-01-17,email,Mailchimp,9707,393,382,37,1822.51,48.54
2025-01-17,website,Organic,15016,1079,1853,153,8517.69,75.08
2025-01-17,paid,GoogleAds,7666,462,265,24,781.03,153.32
2025-01-18,social,LinkedIn,5540,305,283,7,394.37,27.7
2025-01-18,social,X,5171,113,126,6,136.72,25.86
2025-01-18,social,YouTube,9525,366,314,21,912.32,47.62
2025-01-18,social,Instagram,4923,106,78,3,165.89,24.62
2025-01-18,email,Mailchimp,17288,838,988,52,2494.04,86.44
2025-01-18,website,Organic,15005,296,233,6,162.59,75.03
2025-01-18,paid,GoogleAds,3984,128,134,13,261.39,79.68
2025-01-19,social,LinkedIn,1658,103,115,7,253.46,8.29
2025-01-19,social,X,13349,386,628,43,1664.7,66.75
2025-01-19,social,YouTube,12801,240,301,24,1275.43,64.0
2025-01-19,social,Instagram,8076,133,245,14,592.05,40.38
2025-01-19,email,Mailchimp,15150,1163,2062,221,2451.01,75.75
2025-01-19,website,Organic,2056,81,133,13,759.38,10.28
2025-01-19,paid,GoogleAds,17050,170,184,20,1025.59,341.0
2025-01-20,social,LinkedIn,16340,1275,1112,34,602.44,81.7
2025-01-20,social,X,4568,346,547,46,2219.04,22.84
2025-01-20,social,YouTube,15985,254,422,8,130.26,79.92
2025-01-20,social,Instagram,2231,123,117,3,67.77,11.15
2025-01-20,email,Mailchimp,15333,903,603,16,579.55,76.67
2025-01-20,website,Organic,7281,270,225,18,189.42,36.41
2025-01-20,paid,GoogleAds,10880,867,795,41,2130.79,217.6
2025-01-21,social,LinkedIn,8941,386,328,14,812.43,44.7
2025-01-21,social,X,11072,153,121,13,550.66,55.36
2025-01-21,social,YouTube,3657,102,153,17,362.77,18.29
2025-01-21,social,Instagram,2117,124,195,10,298.18,10.59
2025-01-21,email,Mailchimp,1221,80,128,9,182.35,6.11
2025-01-21,website,Organic,7567,240,415,17,358.23,37.84
2025-01-21,paid,GoogleAds,10664,188,269,21,1151.3,213.28
2025-01-22,social,LinkedIn,16894,662,991,113,1957.06,84.47
2025-01-22,social,X,13892,191,102,8,246.15,69.46
2025-01-22,social,YouTube,2970,67,78,7,179.97,14.85
2025-01-22,social,Instagram,4709,375,711,37,713.2,23.55
2025-01-22,email,Mailchimp,16322,199,297,17,487.8,81.61
2025-01-22,website,Organic,11869,486,322,8,112.31,59.34
2025-01-22,paid,GoogleAds,14768,1135,778,90,1833.31,295.36
2025-01-23,social,LinkedIn,12686,809,779,78,1122.27,63.43
2025-01-23,social,X,16514,391,513,33,863.46,82.57
2025-01-23,social,YouTube,16549,200,223,22,1063.33,82.75
2025-01-23,social,Instagram,2332,84,100,10,131.0,11.66
2025-01-23,email,Mailchimp,7387,460,850,45,1062.71,36.94
2025-01-23,website,Organic,2428,68,107,5,118.91,12.14
2025-01-23,paid,GoogleAds,1123,67,93,9,515.92,22.46
2025-01-24,social,LinkedIn,3140,36,30,2,115.68,15.7
2025-01-24,social,X,13665,892,1668,169,2811.38,68.33
2025-01-24,social,YouTube,17270,393,669,62,3170.54,86.35
2025-01-24,social,Instagram,5958,312,309,16,449.49,29.79
2025-01-24,email,Mailchimp,3589,164,178,6,182.33,17.95
2025-01-24,website,Organic,2109,92,121,4,125.31,10.54
2025-01-24,paid,GoogleAds,4447,351,314,8,118.57,88.94
2025-01-25,social,LinkedIn,17334,1372,2686,100,1664.66,86.67
2025-01-25,social,X,16103,860,1299,123,6438.97,80.52
2025-01-25,social,YouTube,4970,320,301,14,327.37,24.85
2025-01-25,social,Instagram,9324,574,458,20,445.34,46.62
2025-01-25,email,Mailchimp,6024,178,331,12,158.88,30.12
2025-01-25,website,Organic,9246,734,925,39,1966.46,46.23
2025-01-25,paid,GoogleAds,16201,1285,839,56,2853.49,324.02
2025-01-26,social,LinkedIn,15689,1161,650,32,510.75,78.45
2025-01-26,social,X,7211,375,653,25,343.9,36.05
2025-01-26,social,YouTube,17799,1257,1475,67,3275.55,89.0
2025-01-26,social,Instagram,1207,21,29,2,41.76,6.04
2025-01-26,email,Mailchimp,13081,442,250,29,345.44,65.41
2025-01-26,website,Organic,7666,513,886,53,1515.29,38.33
2025-01-26,paid,GoogleAds,11230,173,94,6,205.05,224.6
2025-01-27,social,LinkedIn,14374,245,267,20,839.18,71.87
2025-01-27,social,X,3986,222,243,11,653.53,19.93
2025-01-27,social,YouTube,11079,434,250,23,1246.25,55.4
2025-01-27,social,Instagram,14568,570,1023,122,3439.07,72.84
2025-01-27,email,Mailchimp,7461,278,307,35,1109.79,37.3
2025-01-27,website,Organic,6130,243,420,25,1353.55,30.65
2025-01-27,paid,GoogleAds,16102,1032,717,18,308.25,322.04
2025-01-28,social,LinkedIn,13999,227,325,18,634.02,70.0
2025-01-28,social,X,5780,198,147,5,66.77,28.9
2025-01-28,social,YouTube,13574,601,1026,119,2364.18,67.87
2025-01-28,social,Instagram,5150,353,199,22,565.98,25.75
2025-01-28,email,Mailchimp,13710,219,343,30,1636.71,68.55
2025-01-28,website,Organic,8276,442,628,24,807.55,41.38
2025-01-28,paid,GoogleAds,8147,105,200,7,195.72,162.94
2025-01-29,social,LinkedIn,5897,160,253,27,325.48,29.48
2025-01-29,social,X,2249,127,125,7,229.51,11.25
2025-01-29,social,YouTube,11034,611,587,26,765.98,55.17
2025-01-29,social,Instagram,13040,538,622,13,532.28,65.2
2025-01-29,email,Mailchimp,17039,725,848,69,3515.45,85.2
2025-01-29,website,Organic,6884,459,505,13,363.07,34.42
2025-01-29,paid,GoogleAds,12971,212,246,17,204.65,259.42
2025-01-30,social,LinkedIn,5268,83,132,12,426.89,26.34
2025-01-30,social,X,2778,174,320,27,1328.73,13.89
2025-01-30,social,YouTube,1847,129,257,23,1167.24,9.23
2025-01-30,social,Instagram,7347,141,257,12,606.6,36.73
2025-01-30,email,Mailchimp,6410,371,586,24,1239.64,32.05
2025-01-30,website,Organic,9264,195,359,17,863.28,46.32
2025-01-30,paid,GoogleAds,5704,158,307,20,791.89,114.08
2025-01-31,social,LinkedIn,17580,467,494,19,573.29,87.9
2025-01-31,social,X,10115,582,1072,39,1920.5,50.58
2025-01-31,social,YouTube,4770,304,174,18,1049.54,23.85
2025-01-31,social,Instagram,15845,774,1060,114,1736.27,79.23
2025-01-31,email,Mailchimp,13918,858,907,52,1479.26,69.59
2025-01-31,website,Organic,5790,203,334,21,395.59,28.95
2025-01-31,paid,GoogleAds,2582,79,100,5,291.49,51.64
2025-02-01,social,LinkedIn,11244,689,1116,47,1153.78,56.22
2025-02-01,social,X,15163,594,621,15,516.3,75.81
2025-02-01,social,YouTube,2493,28,14,0,0.0,12.46
2025-02-01,social,Instagram,12703,601,673,33,550.65,63.52
2025-02-01,email,Mailchimp,13000,697,845,28,1591.23,65.0
2025-02-01,website,Organic,8981,534,628,16,275.75,44.91
2025-02-01,paid,GoogleAds,9839,375,336,7,295.73,196.78
2025-02-02,social,LinkedIn,12479,644,880,70,2511.54,62.4
2025-02-02,social,X,17149,469,870,21,768.1,85.75
2025-02-02,social,YouTube,14303,328,242,26,396.39,71.52
2025-02-02,social,Instagram,7463,148,118,9,318.13,37.31
2025-02-02,email,Mailchimp,14606,977,744,37,925.49,73.03
2025-02-02,website,Organic,2588,205,325,22,812.25,12.94
2025-02-02,paid,GoogleAds,13293,918,1485,98,4614.6,265.86
2025-02-03,social,LinkedIn,15827,352,702,32,1350.43,79.14
2025-02-03,social,X,5039,168,272,24,1254.4,25.2
2025-02-03,social,YouTube,2721,77,102,6,296.54,13.61
2025-02-03,social,Instagram,9693,297,562,61,870.53,48.47
2025-02-03,email,Mailchimp,17627,195,173,7,330.36,88.14
2025-02-03,website,Organic,6216,386,382,41,1083.54,31.08
2025-02-03,paid,GoogleAds,8837,323,574,64,3781.31,176.74
2025-02-04,social,LinkedIn,16384,705,913,18,203.87,81.92
2025-02-04,social,X,8662,432,415,17,699.23,43.31
2025-02-04,social,YouTube,3549,175,132,3,46.78,17.75
2025-02-04,social,Instagram,6302,215,153,3,36.25,31.51
2025-02-04,email,Mailchimp,2397,140,224,5,197.62,11.98
2025-02-04,website,Organic,12908,309,596,43,1857.95,64.54
2025-02-04,paid,GoogleAds,13577,237,191,5,58.61,271.54
2025-02-05,social,LinkedIn,3866,261,377,18,269.89,19.33
2025-02-05,social,X,4206,275,404,19,509.69,21.03
2025-02-05,social,YouTube,9557,109,96,4,183.15,47.79
2025-02-05,social,Instagram,13059,962,1591,127,4293.13,65.3
2025-02-05,email,Mailchimp,10425,555,303,18,572.8,52.12
2025-02-05,website,Organic,4221,144,224,16,333.26,21.11
2025-02-05,paid,GoogleAds,3978,199,185,11,397.96,79.56
2025-02-06,social,LinkedIn,10448,661,1300,26,898.07,52.24
2025-02-06,social,X,17104,1003,1743,203,8044.43,85.52
2025-02-06,social,YouTube,17880,504,965,46,953.84,89.4
2025-02-06,social,Instagram,8586,385,255,21,294.93,42.93
2025-02-06,email,Mailchimp,4426,238,245,14,416.22,22.13
2025-02-06,website,Organic,3823,151,221,12,301.88,19.12
2025-02-06,paid,GoogleAds,15026,1098,1374,79,4281.72,300.52
2025-02-07,social,LinkedIn,8653,658,454,36,1600.62,43.27
2025-02-07,social,X,2110,72,71,2,104.31,10.55
2025-02-07,social,YouTube,11595,253,293,28,1090.84,57.98
2025-02-07,social,Instagram,5130,171,250,22,778.47,25.65
2025-02-07,email,Mailchimp,9764,303,471,49,868.76,48.82
2025-02-07,website,Organic,6111,478,757,60,1645.9,30.55
2025-02-07,paid,GoogleAds,8740,288,225,26,1207.35,174.8
2025-02-08,social,LinkedIn,4335,93,138,5,87.74,21.68
2025-02-08,social,X,5860,384,614,38,752.76,29.3
2025-02-08,social,YouTube,4501,133,243,16,170.09,22.5
2025-02-08,social,Instagram,15304,895,1119,93,3084.25,76.52
2025-02-08,email,Mailchimp,5646,158,253,5,110.57,28.23
2025-02-08,website,Organic,15091,891,1230,104,5439.17,75.45
2025-02-08,paid,GoogleAds,8490,488,713,46,1179.93,169.8
2025-02-09,social,LinkedIn,4206,305,263,15,684.48,21.03
2025-02-09,social,X,6126,168,190,12,492.94,30.63
2025-02-09,social,YouTube,14413,666,993,106,5800.82,72.06
2025-02-09,social,Instagram,11749,757,819,56,3288.93,58.75
2025-02-09,email,Mailchimp,2249,62,51,4,230.27,11.25
2025-02-09,website,Organic,7547,349,227,17,629.88,37.73
2025-02-09,paid,GoogleAds,16588,760,1108,114,4113.62,331.76
2025-02-10,social,LinkedIn,14446,894,1059,126,2417.96,72.23
2025-02-10,social,X,17835,1130,772,91,2527.4,89.17
2025-02-10,social,YouTube,2855,79,84,2,27.52,14.28
2025-02-10,social,Instagram,14780,798,1206,94,1453.51,73.9
2025-02-10,email,Mailchimp,10944,677,1293,94,1968.89,54.72
2025-02-10,website,Organic,13843,586,437,49,658.79,69.22
2025-02-10,paid,GoogleAds,7329,313,420,17,989.28,146.58
2025-02-11,social,LinkedIn,12571,711,1241,123,3771.71,62.86
2025-02-11,social,X,10645,672,990,97,3246.6,53.23
2025-02-11,social,YouTube,8551,245,260,11,344.36,42.76
2025-02-11,social,Instagram,7091,309,527,52,1450.74,35.45
2025-02-11,email,Mailchimp,10890,353,433,35,499.49,54.45
2025-02-11,website,Organic,12876,266,253,14,199.7,64.38
2025-02-11,paid,GoogleAds,11639,755,536,55,2291.2,232.78
2025-02-12,social,LinkedIn,1491,83,67,1,24.65,7.46
2025-02-12,social,X,4326,218,388,14,456.37,21.63
2025-02-12,social,YouTube,6002,147,162,11,445.23,30.01
2025-02-12,social,Instagram,3962,225,414,40,2077.61,19.81
2025-02-12,email,Mailchimp,7467,333,272,7,363.75,37.34
2025-02-12,website,Organic,4833,236,211,9,152.7,24.16
2025-02-12,paid,GoogleAds,17157,840,1030,113,5087.38,343.14
2025-02-13,social,LinkedIn,9079,407,532,56,578.5,45.4
2025-02-13,social,X,11508,492,661,57,2965.61,57.54
2025-02-13,social,YouTube,13286,528,1055,92,1750.39,66.43
2025-02-13,social,Instagram,12808,698,378,30,1323.88,64.04
2025-02-13,email,Mailchimp,11828,787,504,34,1627.19,59.14
2025-02-13,website,Organic,5734,70,110,9,242.37,28.67
2025-02-13,paid,GoogleAds,12998,440,733,55,3058.91,259.96
2025-02-14,social,LinkedIn,10311,417,472,35,1796.77,51.55
2025-02-14,social,X,10597,369,457,24,1421.14,52.98
2025-02-14,social,YouTube,17594,600,483,33,524.58,87.97
2025-02-14,social,Instagram,7301,235,222,17,709.6,36.51
2025-02-14,email,Mailchimp,2312,87,115,6,232.21,11.56
2025-02-14,website,Organic,14057,436,222,8,448.57,70.28
2025-02-14,paid,GoogleAds,2970,193,359,29,1184.21,59.4
2025-02-15,social,LinkedIn,3719,92,138,9,433.2,18.59
2025-02-15,social,X,4321,243,438,27,405.82,21.61
2025-02-15,social,YouTube,1439,51,88,8,304.84,7.2
2025-02-15,social,Instagram,9454,665,516,12,132.24,47.27
2025-02-15,email,Mailchimp,2789,125,160,16,779.02,13.95
2025-02-15,website,Organic,14797,743,1395,90,963.59,73.98
2025-02-15,paid,GoogleAds,13685,705,1402,120,2131.78,273.7
2025-02-16,social,LinkedIn,14514,702,438,29,1588.87,72.57
2025-02-16,social,X,1508,60,30,2,118.66,7.54
2025-02-16,social,YouTube,3888,98,66,4,95.09,19.44
2025-02-16,social,Instagram,8938,371,599,67,1895.68,44.69
2025-02-16,email,Mailchimp,5744,350,219,18,818.31,28.72
2025-02-16,website,Organic,16092,915,1679,186,2349.75,80.46
2025-02-16,paid,GoogleAds,2047,22,11,0,0.0,40.94
2025-02-17,social,LinkedIn,3610,134,129,10,578.85,18.05
2025-02-17,social,X,16936,891,868,99,4592.44,84.68
2025-02-17,social,YouTube,16394,940,674,67,1886.94,81.97
2025-02-17,social,Instagram,6374,344,387,22,1084.87,31.87
2025-02-17,email,Mailchimp,9912,643,868,42,547.34,49.56
2025-02-17,website,Organic,11880,841,1335,28,491.57,59.4
2025-02-17,paid,GoogleAds,11112,565,1109,49,1439.02,222.24
2025-02-18,social,LinkedIn,13327,694,1279,128,3093.18,66.64
2025-02-18,social,X,1055,34,30,1,56.03,5.28
2025-02-18,social,YouTube,2385,72,51,5,298.21,11.93
2025-02-18,social,Instagram,5816,169,300,30,1326.96,29.08
2025-02-18,email,Mailchimp,17383,595,373,28,1396.34,86.92
2025-02-18,website,Organic,7567,492,778,91,2318.09,37.84
2025-02-18,paid,GoogleAds,2886,165,197,8,181.89,57.72
2025-02-19,social,LinkedIn,1307,85,101,2,100.66,6.54
2025-02-19,social,X,3052,80,109,11,596.8,15.26
2025-02-19,social,YouTube,11518,499,690,26,510.01,57.59
2025-02-19,social,Instagram,6920,459,429,33,922.17,34.6
2025-02-19,email,Mailchimp,17948,1256,1092,122,4228.94,89.74
2025-02-19,website,Organic,4477,161,192,5,128.95,22.39
2025-02-19,paid,GoogleAds,1994,68,86,1,11.68,39.88
2025-02-20,social,LinkedIn,16935,864,708,79,1895.31,84.67
2025-02-20,social,X,4182,318,524,53,3083.19,20.91
2025-02-20,social,YouTube,9322,643,648,77,2226.08,46.61
2025-02-20,social,Instagram,1901,25,33,3,98.74,9.51
2025-02-20,email,Mailchimp,3103,218,318,35,1586.16,15.52
2025-02-20,website,Organic,3947,110,148,12,693.85,19.73
2025-02-20,paid,GoogleAds,17597,660,773,27,1573.79,351.94
2025-02-21,social,LinkedIn,8265,182,348,39,505.59,41.33
2025-02-21,social,X,1910,131,74,7,318.36,9.55
2025-02-21,social,YouTube,16840,234,167,15,854.54,84.2
2025-02-21,social,Instagram,10790,553,642,54,1810.96,53.95
2025-02-21,email,Mailchimp,13179,368,252,17,313.29,65.89
2025-02-21,website,Organic,8813,586,1096,119,3973.99,44.06
2025-02-21,paid,GoogleAds,7393,487,358,36,500.02,147.86
2025-02-22,social,LinkedIn,13225,954,677,43,638.52,66.12
2025-02-22,social,X,13618,939,1354,88,2375.03,68.09
2025-02-22,social,YouTube,8663,376,542,18,379.49,43.31
2025-02-22,social,Instagram,2858,64,75,8,255.59,14.29
2025-02-22,email,Mailchimp,5895,168,187,6,141.33,29.48
2025-02-22,website,Organic,10717,358,269,18,466.26,53.59
2025-02-22,paid,GoogleAds,16808,302,594,15,821.28,336.16
2025-02-23,social,LinkedIn,7919,389,681,21,1002.59,39.59
2025-02-23,social,X,12936,520,463,20,438.15,64.68
2025-02-23,social,YouTube,13784,417,769,19,880.15,68.92
2025-02-23,social,Instagram,10618,213,310,19,672.4,53.09
2025-02-23,email,Mailchimp,17737,351,176,18,653.93,88.69
2025-02-23,website,Organic,7088,249,139,8,190.74,35.44
2025-02-23,paid,GoogleAds,6920,136,104,10,455.81,138.4
2025-02-24,social,LinkedIn,7445,387,674,73,3397.6,37.23
2025-02-24,social,X,9974,222,156,13,538.49,49.87
2025-02-24,social,YouTube,7297,370,297,7,326.45,36.48
2025-02-24,social,Instagram,14373,989,1853,133,3641.82,71.86
2025-02-24,email,Mailchimp,10232,705,1266,87,937.19,51.16
2025-02-24,website,Organic,16617,321,480,21,801.28,83.09
2025-02-24,paid,GoogleAds,13029,163,253,19,1005.17,260.58
2025-02-25,social,LinkedIn,12670,587,685,49,785.89,63.35
2025-02-25,social,X,9019,605,1087,56,2551.32,45.09
2025-02-25,social,YouTube,13497,679,1254,61,938.45,67.48
2025-02-25,social,Instagram,17213,710,382,38,635.31,86.06
2025-02-25,email,Mailchimp,8980,697,582,22,332.94,44.9
2025-02-25,website,Organic,9207,449,867,19,1070.0,46.04
2025-02-25,paid,GoogleAds,7392,209,367,30,995.91,147.84
2025-02-26,social,LinkedIn,8810,521,340,36,1650.78,44.05
2025-02-26,social,X,2480,72,86,6,288.45,12.4
2025-02-26,social,YouTube,4605,85,94,3,118.77,23.03
2025-02-26,social,Instagram,8439,171,232,21,382.54,42.2
2025-02-26,email,Mailchimp,1606,121,131,8,415.89,8.03
2025-02-26,website,Organic,2186,82,156,15,403.91,10.93
2025-02-26,paid,GoogleAds,8876,609,958,99,3783.9,177.52
2025-02-27,social,LinkedIn,11506,771,1365,34,1219.54,57.53
2025-02-27,social,X,12580,345,390,32,903.09,62.9
2025-02-27,social,YouTube,7143,106,121,8,88.33,35.72
2025-02-27,social,Instagram,5568,219,239,28,915.22,27.84
2025-02-27,email,Mailchimp,2532,168,306,33,386.72,12.66
2025-02-27,website,Organic,9708,720,1033,85,4276.9,48.54
2025-02-27,paid,GoogleAds,2172,116,101,7,221.79,43.44
2025-02-28,social,LinkedIn,2291,69,66,5,80.1,11.46
2025-02-28,social,X,17835,1303,816,64,3622.16,89.17
2025-02-28,social,YouTube,15417,287,200,9,272.94,77.09
2025-02-28,social,Instagram,10447,304,487,45,1096.13,52.23
2025-02-28,email,Mailchimp,15881,836,1133,96,1925.72,79.41
2025-02-28,website,Organic,13019,550,727,59,1973.45,65.09
2025-02-28,paid,GoogleAds,11174,135,135,5,186.48,223.48
2025-03-01,social,LinkedIn,13991,151,155,16,350.83,69.95
2025-03-01,social,X,11665,517,479,56,1387.41,58.33
2025-03-01,social,YouTube,1713,36,21,2,64.0,8.56
2025-03-01,social,Instagram,3032,140,245,13,625.85,15.16
2025-03-01,email,Mailchimp,8378,663,1005,113,3484.65,41.89
2025-03-01,website,Organic,12549,248,199,16,381.4,62.75
2025-03-01,paid,GoogleAds,17966,299,533,59,3527.02,359.32
2025-03-02,social,LinkedIn,9804,636,993,110,1800.0,49.02
2025-03-02,social,X,4386,45,74,5,174.47,21.93
2025-03-02,social,YouTube,5903,231,387,41,1655.03,29.52
2025-03-02,social,Instagram,13437,935,1438,70,1934.17,67.19
2025-03-02,email,Mailchimp,12565,469,625,36,939.59,62.83
2025-03-02,website,Organic,17369,636,604,44,2206.5,86.84
2025-03-02,paid,GoogleAds,15275,768,1053,30,1680.24,305.5
2025-03-03,social,LinkedIn,11612,903,1275,56,1472.29,58.06
2025-03-03,social,X,14973,1083,2094,47,1072.89,74.86
2025-03-03,social,YouTube,17296,535,697,35,1434.99,86.48
2025-03-03,social,Instagram,15324,708,903,79,2328.59,76.62
2025-03-03,email,Mailchimp,12721,163,246,16,168.3,63.61
2025-03-03,website,Organic,3237,151,97,5,150.22,16.18
2025-03-03,paid,GoogleAds,6053,433,842,57,1824.47,121.06
2025-03-04,social,LinkedIn,12248,715,1158,33,928.48,61.24
2025-03-04,social,X,13014,1021,1775,126,1956.22,65.07
2025-03-04,social,YouTube,10663,621,1074,127,6909.71,53.31
2025-03-04,social,Instagram,14791,801,1030,104,2120.53,73.95
2025-03-04,email,Mailchimp,7163,278,164,12,183.97,35.81
2025-03-04,website,Organic,2386,139,71,1,45.53,11.93
2025-03-04,paid,GoogleAds,1128,83,90,2,21.54,22.56
2025-03-05,social,LinkedIn,1967,46,57,4,93.2,9.84
2025-03-05,social,X,17853,1424,1939,118,1896.86,89.27
2025-03-05,social,YouTube,6137,284,359,8,110.45,30.69
2025-03-05,social,Instagram,17070,1154,1638,164,2149.34,85.35
2025-03-05,email,Mailchimp,1409,81,110,3,65.74,7.04
2025-03-05,website,Organic,10025,219,197,5,275.96,50.12
2025-03-05,paid,GoogleAds,3065,105,123,7,89.14,61.3
2025-03-06,social,LinkedIn,13975,709,1375,87,3567.77,69.88
2025-03-06,social,X,9170,234,172,13,242.8,45.85
2025-03-06,social,YouTube,1201,87,149,7,280.89,6.0
2025-03-06,social,Instagram,17238,1354,814,71,3105.93,86.19
2025-03-06,email,Mailchimp,8254,321,352,32,355.88,41.27
2025-03-06,website,Organic,8975,144,108,6,62.29,44.88
2025-03-06,paid,GoogleAds,10525,397,414,22,1178.63,210.5
2025-03-07,social,LinkedIn,12006,458,273,8,410.33,60.03
2025-03-07,social,X,12509,610,659,43,1170.63,62.55
2025-03-07,social,YouTube,15272,190,284,15,266.92,76.36
2025-03-07,social,Instagram,5255,86,77,7,114.73,26.28
2025-03-07,email,Mailchimp,15526,662,1120,49,1391.4,77.63
2025-03-07,website,Organic,8093,490,522,60,1224.18,40.47
2025-03-07,paid,GoogleAds,16596,752,632,41,678.44,331.92
2025-03-08,social,LinkedIn,9544,493,572,68,2497.85,47.72
2025-03-08,social,X,14243,748,612,65,1049.06,71.22
2025-03-08,social,YouTube,17810,292,519,48,2315.55,89.05
2025-03-08,social,Instagram,1940,108,145,7,206.48,9.7
2025-03-08,email,Mailchimp,3819,223,371,16,310.65,19.09
2025-03-08,website,Organic,4570,67,125,12,575.07,22.85
2025-03-08,paid,GoogleAds,7318,106,102,4,65.23,146.36
2025-03-09,social,LinkedIn,14073,418,461,51,2486.24,70.36
2025-03-09,social,X,5330,402,307,17,849.48,26.65
2025-03-09,social,YouTube,12515,910,489,44,1457.68,62.58
2025-03-09,social,Instagram,14124,489,705,26,409.8,70.62
2025-03-09,email,Mailchimp,8182,489,274,6,108.6,40.91
2025-03-09,website,Organic,7490,471,345,32,1203.75,37.45
2025-03-09,paid,GoogleAds,6887,341,286,19,684.74,137.74
2025-03-10,social,LinkedIn,15251,867,1181,134,2089.54,76.25
2025-03-10,social,X,10382,758,1374,107,4793.62,51.91
2025-03-10,social,YouTube,9010,519,288,14,683.98,45.05
2025-03-10,social,Instagram,12326,769,483,43,1276.32,61.63
2025-03-10,email,Mailchimp,8235,244,154,17,530.38,41.18
2025-03-10,website,Organic,12150,709,1140,117,4844.39,60.75
2025-03-10,paid,GoogleAds,15836,722,1093,44,1920.87,316.72
2025-03-11,social,LinkedIn,5182,229,179,20,1025.18,25.91
2025-03-11,social,X,9558,212,158,15,327.0,47.79
2025-03-11,social,YouTube,9528,261,153,8,244.66,47.64
2025-03-11,social,Instagram,7599,414,292,25,858.05,37.99
2025-03-11,email,Mailchimp,16819,448,386,27,870.79,84.09
2025-03-11,website,Organic,12516,736,515,46,1811.37,62.58
2025-03-11,paid,GoogleAds,8889,296,510,38,1824.98,177.78
2025-03-12,social,LinkedIn,6544,375,274,32,1663.18,32.72
2025-03-12,social,X,14307,975,654,32,896.77,71.53
2025-03-12,social,YouTube,7764,101,186,9,139.77,38.82
2025-03-12,social,Instagram,11122,460,307,16,534.93,55.61
2025-03-12,email,Mailchimp,12893,390,521,12,401.11,64.47
2025-03-12,website,Organic,16909,268,422,49,1870.95,84.55
2025-03-12,paid,GoogleAds,4565,251,485,33,1623.4,91.3
2025-03-13,social,LinkedIn,11545,122,229,19,786.36,57.73
2025-03-13,social,X,9238,514,317,30,337.94,46.19
2025-03-13,social,YouTube,13952,959,905,34,1424.77,69.76
2025-03-13,social,Instagram,6520,111,175,8,326.72,32.6
2025-03-13,email,Mailchimp,13431,307,533,27,767.51,67.16
2025-03-13,website,Organic,13100,899,791,20,307.24,65.5
2025-03-13,paid,GoogleAds,14212,1042,1997,138,4826.76,284.24
2025-03-14,social,LinkedIn,6160,490,687,56,957.29,30.8
2025-03-14,social,X,8454,181,210,24,347.59,42.27
2025-03-14,social,YouTube,2308,160,195,8,229.0,11.54
2025-03-14,social,Instagram,2049,141,251,24,750.53,10.25
2025-03-14,email,Mailchimp,10281,154,89,8,436.25,51.41
2025-03-14,website,Organic,3055,124,185,18,993.6,15.28
2025-03-14,paid,GoogleAds,6389,233,117,11,481.39,127.78
2025-03-15,social,LinkedIn,7403,316,415,29,911.14,37.02
2025-03-15,social,X,6058,473,918,75,3791.81,30.29
2025-03-15,social,YouTube,2966,179,178,15,573.77,14.83
2025-03-15,social,Instagram,14799,1135,1385,117,2920.97,74.0
2025-03-15,email,Mailchimp,12252,577,837,87,1837.8,61.26
2025-03-15,website,Organic,15658,914,658,51,1924.94,78.29
2025-03-15,paid,GoogleAds,14643,515,443,28,645.51,292.86
2025-03-16,social,LinkedIn,8446,191,350,26,405.95,42.23
2025-03-16,social,X,9306,516,403,35,1590.92,46.53
2025-03-16,social,YouTube,8438,411,345,26,406.92,42.19
2025-03-16,social,Instagram,17816,1312,1771,186,8179.29,89.08
2025-03-16,email,Mailchimp,15402,298,373,26,1350.11,77.01
2025-03-16,website,Organic,4755,256,496,35,1154.98,23.78
2025-03-16,paid,GoogleAds,13843,665,1298,50,1687.77,276.86
2025-03-17,social,LinkedIn,4051,79,131,3,65.54,20.25
2025-03-17,social,X,13201,170,263,30,989.56,66.0
2025-03-17,social,YouTube,4949,294,334,36,1478.11,24.75
2025-03-17,social,Instagram,7606,375,703,75,1380.02,38.03
2025-03-17,email,Mailchimp,12186,807,1294,27,615.08,60.93
2025-03-17,website,Organic,8841,319,512,58,2673.16,44.2
2025-03-17,paid,GoogleAds,2425,162,166,9,237.31,48.5
2025-03-18,social,LinkedIn,4701,58,108,4,110.87,23.5
2025-03-18,social,X,15639,179,354,22,1090.3,78.2
2025-03-18,social,YouTube,16992,301,512,19,716.53,84.96
2025-03-18,social,Instagram,10503,747,1123,116,4572.23,52.52
2025-03-18,email,Mailchimp,9200,438,672,67,3848.37,46.0
2025-03-18,website,Organic,1452,17,33,2,68.4,7.26
2025-03-18,paid,GoogleAds,2036,134,74,2,101.83,40.72
2025-03-19,social,LinkedIn,13863,956,1865,166,5383.27,69.31
2025-03-19,social,X,8510,605,856,23,608.66,42.55
2025-03-19,social,YouTube,8088,257,178,14,287.97,40.44
2025-03-19,social,Instagram,12828,781,778,52,2957.27,64.14
2025-03-19,email,Mailchimp,11300,117,160,8,88.2,56.5
2025-03-19,website,Organic,16053,1145,1617,134,6210.65,80.27
2025-03-19,paid,GoogleAds,5707,165,150,10,231.03,114.14
2025-03-20,social,LinkedIn,5557,441,243,18,873.82,27.79
2025-03-20,social,X,7528,483,700,58,1632.44,37.64
2025-03-20,social,YouTube,10226,669,573,57,972.26,51.13
2025-03-20,social,Instagram,3360,105,172,16,567.13,16.8
2025-03-20,email,Mailchimp,9034,311,412,24,312.54,45.17
2025-03-20,website,Organic,12049,687,1254,123,4327.96,60.25
2025-03-20,paid,GoogleAds,8976,598,1192,41,830.99,179.52
2025-03-21,social,LinkedIn,15848,607,664,64,3614.34,79.24
2025-03-21,social,X,3173,63,99,4,154.38,15.87
2025-03-21,social,YouTube,12156,184,144,16,627.94,60.78
2025-03-21,social,Instagram,10969,555,1099,61,2972.04,54.84
2025-03-21,email,Mailchimp,15033,909,1711,177,4595.43,75.17
2025-03-21,website,Organic,6742,197,174,3,54.68,33.71
2025-03-21,paid,GoogleAds,9783,260,137,3,97.19,195.66
2025-03-22,social,LinkedIn,10261,723,1064,42,1961.17,51.3
2025-03-22,social,X,5227,272,168,16,860.41,26.14
2025-03-22,social,YouTube,12179,734,372,17,716.11,60.9
2025-03-22,social,Instagram,1491,81,152,6,158.03,7.46
2025-03-22,email,Mailchimp,1887,104,115,10,268.89,9.44
2025-03-22,website,Organic,2882,202,342,9,365.76,14.41
2025-03-22,paid,GoogleAds,17199,1361,1496,170,9123.17,343.98
2025-03-23,social,LinkedIn,1843,137,184,21,268.82,9.21
2025-03-23,social,X,11786,247,130,5,182.37,58.93
2025-03-23,social,YouTube,3944,138,143,7,308.05,19.72
2025-03-23,social,Instagram,6026,337,472,25,1176.35,30.13
2025-03-23,email,Mailchimp,9448,632,768,17,720.21,47.24
2025-03-23,website,Organic,15849,778,810,59,1398.09,79.25
2025-03-23,paid,GoogleAds,9287,98,118,10,487.08,185.74
2025-03-24,social,LinkedIn,12878,264,381,22,1296.99,64.39
2025-03-24,social,X,1915,102,69,5,101.23,9.58
2025-03-24,social,YouTube,6957,195,274,25,1378.57,34.79
2025-03-24,social,Instagram,6311,296,303,27,866.1,31.55
2025-03-24,email,Mailchimp,17349,432,807,88,2591.72,86.75
2025-03-24,website,Organic,7949,259,480,14,653.37,39.74
2025-03-24,paid,GoogleAds,3144,208,389,34,936.16,62.88
2025-03-25,social,LinkedIn,8474,419,467,52,2976.87,42.37
2025-03-25,social,X,8342,101,53,4,88.37,41.71
2025-03-25,social,YouTube,12609,305,499,42,1046.77,63.05
2025-03-25,social,Instagram,17338,436,590,21,1116.22,86.69
2025-03-25,email,Mailchimp,9758,749,527,26,374.96,48.79
2025-03-25,website,Organic,1128,49,89,3,132.42,5.64
2025-03-25,paid,GoogleAds,15845,393,227,22,1156.48,316.9
2025-03-26,social,LinkedIn,12808,169,280,17,539.59,64.04
2025-03-26,social,X,5580,444,420,9,140.2,27.9
2025-03-26,social,YouTube,1308,25,23,1,27.58,6.54
2025-03-26,social,Instagram,6529,277,303,18,757.95,32.65
2025-03-26,email,Mailchimp,13998,1004,1977,46,999.61,69.99
2025-03-26,website,Organic,1503,19,23,0,0.0,7.52
2025-03-26,paid,GoogleAds,4436,270,154,16,211.65,88.72
2025-03-27,social,LinkedIn,4615,85,104,3,94.27,23.07
2025-03-27,social,X,6864,176,230,19,708.24,34.32
2025-03-27,social,YouTube,4681,220,387,44,610.12,23.41
2025-03-27,social,Instagram,8049,561,1098,46,626.49,40.24
2025-03-27,email,Mailchimp,6807,75,67,7,138.76,34.04
2025-03-27,website,Organic,2568,99,132,7,73.71,12.84
2025-03-27,paid,GoogleAds,2356,131,172,12,534.17,47.12
2025-03-28,social,LinkedIn,9801,371,362,22,1290.23,49.01
2025-03-28,social,X,13683,865,1576,158,8674.97,68.42
2025-03-28,social,YouTube,1172,31,38,4,178.73,5.86
2025-03-28,social,Instagram,13352,1059,1840,158,2265.82,66.76
2025-03-28,email,Mailchimp,2102,154,88,7,183.53,10.51
2025-03-28,website,Organic,15497,750,730,85,853.96,77.48
2025-03-28,paid,GoogleAds,16420,750,1041,124,2693.49,328.4
2025-03-29,social,LinkedIn,13413,467,278,32,746.26,67.06
2025-03-29,social,X,11555,173,293,25,1404.93,57.77
2025-03-29,social,YouTube,9681,274,482,50,1369.44,48.41
2025-03-29,social,Instagram,16617,830,1659,44,2105.96,83.09
2025-03-29,email,Mailchimp,12930,603,778,78,1710.7,64.65
2025-03-29,website,Organic,6647,137,204,7,401.58,33.23
2025-03-29,paid,GoogleAds,2417,78,81,8,251.22,48.34
2025-03-30,social,LinkedIn,14435,299,262,7,194.83,72.17
2025-03-30,social,X,10909,454,286,17,1017.42,54.55
2025-03-30,social,YouTube,4663,193,234,23,1102.62,23.32
2025-03-30,social,Instagram,5911,61,42,2,86.03,29.55
2025-03-30,email,Mailchimp,13149,613,1043,47,1777.07,65.75
2025-03-30,website,Organic,1026,51,29,1,45.91,5.13
2025-03-30,paid,GoogleAds,9997,741,654,30,957.1,199.94
2025-03-31,social,LinkedIn,17167,1203,965,60,2976.94,85.84
2025-03-31,social,X,13177,980,1544,88,1063.71,65.89
2025-03-31,social,YouTube,10674,831,952,76,1735.81,53.37
2025-03-31,social,Instagram,8819,326,445,50,979.02,44.09
2025-03-31,email,Mailchimp,13201,190,152,16,223.95,66.0
2025-03-31,website,Organic,15598,570,734,51,2808.35,77.99
2025-03-31,paid,GoogleAds,1838,32,43,4,180.19,36.76
2025-04-01,social,LinkedIn,15290,596,721,78,2495.37,76.45
2025-04-01,social,X,17097,332,540,11,237.83,85.48
2025-04-01,social,YouTube,7561,288,161,14,527.69,37.8
2025-04-01,social,Instagram,13697,875,592,24,332.56,68.48
2025-04-01,email,Mailchimp,1507,25,15,1,38.22,7.54
2025-04-01,website,Organic,2802,189,151,8,425.2,14.01
2025-04-01,paid,GoogleAds,14694,1014,720,43,537.71,293.88
2025-04-02,social,LinkedIn,5768,187,146,17,328.22,28.84
2025-04-02,social,X,10000,464,292,17,734.36,50.0
2025-04-02,social,YouTube,10790,527,667,41,514.86,53.95
2025-04-02,social,Instagram,10977,300,321,20,739.6,54.88
2025-04-02,email,Mailchimp,10993,265,153,11,315.59,54.97
2025-04-02,website,Organic,16211,906,1417,48,2713.1,81.06
2025-04-02,paid,GoogleAds,12198,292,548,41,514.88,243.96
2025-04-03,social,LinkedIn,11297,119,71,8,409.35,56.48
2025-04-03,social,X,2157,62,105,5,227.64,10.79
2025-04-03,social,YouTube,15896,610,970,39,786.27,79.48
2025-04-03,social,Instagram,6902,278,405,10,531.32,34.51
2025-04-03,email,Mailchimp,3356,224,279,5,230.32,16.78
2025-04-03,website,Organic,6378,286,432,37,915.55,31.89
2025-04-03,paid,GoogleAds,7914,375,276,26,1189.91,158.28
2025-04-04,social,LinkedIn,17915,305,196,19,1093.33,89.58
2025-04-04,social,X,14588,374,654,59,1895.1,72.94
2025-04-04,social,YouTube,14912,310,181,16,193.41,74.56
2025-04-04,social,Instagram,15624,477,404,31,804.03,78.12
2025-04-04,email,Mailchimp,6045,191,169,12,248.75,30.23
2025-04-04,website,Organic,8563,320,175,10,420.39,42.81
2025-04-04,paid,GoogleAds,8319,464,715,28,488.49,166.38
2025-04-05,social,LinkedIn,7027,281,426,13,668.52,35.13
2025-04-05,social,X,5001,280,228,19,688.08,25.0
2025-04-05,social,YouTube,3389,102,104,9,313.45,16.95
2025-04-05,social,Instagram,4047,97,89,4,156.78,20.23
2025-04-05,email,Mailchimp,3897,93,112,10,482.54,19.48
2025-04-05,website,Organic,8444,426,404,31,466.03,42.22
2025-04-05,paid,GoogleAds,1043,35,67,5,62.51,20.86
2025-04-06,social,LinkedIn,11916,411,502,26,733.27,59.58
2025-04-06,social,X,4592,299,283,7,265.71,22.96
2025-04-06,social,YouTube,4134,257,172,6,177.98,20.67
2025-04-06,social,Instagram,2176,26,33,0,0.0,10.88
2025-04-06,email,Mailchimp,5324,208,365,10,463.81,26.62
2025-04-06,website,Organic,6370,223,333,9,92.23,31.85
2025-04-06,paid,GoogleAds,16736,522,465,14,307.1,334.72
2025-04-07,social,LinkedIn,6015,269,350,11,367.3,30.07
2025-04-07,social,X,6374,317,178,8,459.76,31.87
2025-04-07,social,YouTube,10289,393,316,10,219.94,51.45
2025-04-07,social,Instagram,17442,467,300,9,114.15,87.21
2025-04-07,email,Mailchimp,7911,460,388,36,636.58,39.55
2025-04-07,website,Organic,9656,771,875,72,1114.6,48.28
2025-04-07,paid,GoogleAds,4956,78,106,4,159.06,99.12
2025-04-08,social,LinkedIn,17808,1064,631,28,1118.85,89.04
2025-04-08,social,X,4213,54,77,6,304.39,21.07
2025-04-08,social,YouTube,12209,193,316,25,478.5,61.05
2025-04-08,social,Instagram,11403,864,965,58,835.34,57.02
2025-04-08,email,Mailchimp,9022,183,231,8,399.06,45.11
2025-04-08,website,Organic,5599,135,254,22,999.46,28.0
2025-04-08,paid,GoogleAds,3191,254,428,29,1011.13,63.82
2025-04-09,social,LinkedIn,11813,869,1414,118,2354.33,59.06
2025-04-09,social,X,2649,183,307,8,366.98,13.25
2025-04-09,social,YouTube,12442,631,1075,74,3596.68,62.21
2025-04-09,social,Instagram,17260,335,583,66,3645.79,86.3
2025-04-09,email,Mailchimp,16274,1111,1892,149,4733.14,81.37
2025-04-09,website,Organic,17808,550,1067,78,4469.16,89.04
2025-04-09,paid,GoogleAds,4795,70,117,11,522.89,95.9
2025-04-10,social,LinkedIn,8605,230,317,24,1293.07,43.02
2025-04-10,social,X,2645,99,165,16,706.28,13.22
2025-04-10,social,YouTube,12227,829,919,26,1108.22,61.13
2025-04-10,social,Instagram,12127,684,1269,79,1993.82,60.63
2025-04-10,email,Mailchimp,10845,479,251,7,354.34,54.23
2025-04-10,website,Organic,14718,570,541,18,670.86,73.59
2025-04-10,paid,GoogleAds,3722,129,227,18,442.92,74.44
2025-04-11,social,LinkedIn,3882,308,240,26,789.68,19.41
2025-04-11,social,X,8921,164,250,6,306.88,44.61
2025-04-11,social,YouTube,7032,262,261,9,165.34,35.16
2025-04-11,social,Instagram,12519,904,1279,139,4130.77,62.59
2025-04-11,email,Mailchimp,17373,561,1017,100,4032.94,86.86
2025-04-11,website,Organic,6315,235,120,12,182.24,31.57
2025-04-11,paid,GoogleAds,9056,378,647,29,800.84,181.12
2025-04-12,social,LinkedIn,4306,339,543,51,2208.58,21.53
2025-04-12,social,X,5424,406,747,64,882.89,27.12
2025-04-12,social,YouTube,11850,486,941,52,2239.03,59.25
2025-04-12,social,Instagram,13316,1007,1725,44,1880.12,66.58
2025-04-12,email,Mailchimp,17165,608,1194,30,1552.22,85.83
2025-04-12,website,Organic,4901,240,281,26,1418.44,24.5
2025-04-12,paid,GoogleAds,16036,199,196,6,345.89,320.72
2025-04-13,social,LinkedIn,9895,199,274,21,259.01,49.48
2025-04-13,social,X,13852,306,423,50,2068.24,69.26
2025-04-13,social,YouTube,8921,271,356,22,1295.97,44.61
2025-04-13,social,Instagram,3762,249,377,21,1221.17,18.81
2025-04-13,email,Mailchimp,12804,747,684,24,930.2,64.02
2025-04-13,website,Organic,2583,169,172,5,179.0,12.92
2025-04-13,paid,GoogleAds,3020,64,102,3,76.8,60.4
2025-04-14,social,LinkedIn,2752,140,274,26,728.14,13.76
2025-04-14,social,X,7132,207,380,25,1025.89,35.66
2025-04-14,social,YouTube,15362,587,893,50,1299.06,76.81
2025-04-14,social,Instagram,16484,472,380,42,1365.5,82.42
2025-04-14,email,Mailchimp,14377,784,1307,67,1179.44,71.89
2025-04-14,website,Organic,16408,923,1635,100,1382.31,82.04
2025-04-14,paid,GoogleAds,13833,489,917,66,1611.64,276.66
2025-04-15,social,LinkedIn,4968,140,231,5,256.66,24.84
2025-04-15,social,X,11013,382,729,33,731.57,55.06
2025-04-15,social,YouTube,3289,234,150,12,616.99,16.45
2025-04-15,social,Instagram,4646,348,260,9,415.31,23.23
2025-04-15,email,Mailchimp,4861,312,340,38,1790.66,24.3
2025-04-15,website,Organic,12198,463,578,31,1650.78,60.99
2025-04-15,paid,GoogleAds,5699,269,344,29,1597.19,113.98
2025-04-16,social,LinkedIn,5376,133,202,22,293.47,26.88
2025-04-16,social,X,1101,76,114,8,241.47,5.5
2025-04-16,social,YouTube,9972,647,982,103,1712.16,49.86
2025-04-16,social,Instagram,8280,472,769,53,2910.59,41.4
2025-04-16,email,Mailchimp,2096,129,223,18,970.8,10.48
2025-04-16,website,Organic,5301,293,531,31,1699.21,26.5
2025-04-16,paid,GoogleAds,3205,205,288,20,807.68,64.1
2025-04-17,social,LinkedIn,8335,263,273,20,1088.34,41.68
2025-04-17,social,X,3577,125,193,5,259.65,17.89
2025-04-17,social,YouTube,11654,294,348,33,1067.34,58.27
2025-04-17,social,Instagram,17494,247,288,21,1057.74,87.47
2025-04-17,email,Mailchimp,2297,109,130,8,197.66,11.48
2025-04-17,website,Organic,12144,941,1219,52,1967.16,60.72
2025-04-17,paid,GoogleAds,7847,233,456,35,1597.92,156.94
2025-04-18,social,LinkedIn,8306,535,290,20,623.91,41.53
2025-04-18,social,X,3066,235,213,6,93.71,15.33
2025-04-18,social,YouTube,13789,632,874,37,1975.16,68.95
2025-04-18,social,Instagram,2793,185,359,19,1126.94,13.96
2025-04-18,email,Mailchimp,3339,183,249,15,876.89,16.7
2025-04-18,website,Organic,15898,371,528,16,292.45,79.49
2025-04-18,paid,GoogleAds,7363,113,208,4,195.49,147.26
2025-04-19,social,LinkedIn,7446,477,382,36,1868.38,37.23
2025-04-19,social,X,10706,667,1282,143,6596.11,53.53
2025-04-19,social,YouTube,1516,21,16,0,0.0,7.58
2025-04-19,social,Instagram,9643,472,680,52,1340.76,48.22
2025-04-19,email,Mailchimp,12618,396,224,8,222.1,63.09
2025-04-19,website,Organic,1962,130,153,4,61.34,9.81
2025-04-19,paid,GoogleAds,6042,214,390,26,367.56,120.84
2025-04-20,social,LinkedIn,12063,791,960,98,1608.73,60.31
2025-04-20,social,X,4567,214,187,11,304.6,22.84
2025-04-20,social,YouTube,1695,128,101,4,202.99,8.47
2025-04-20,social,Instagram,15311,983,1561,56,3069.84,76.56
2025-04-20,email,Mailchimp,15309,296,153,6,235.6,76.55
2025-04-20,website,Organic,13416,160,275,32,457.67,67.08
2025-04-20,paid,GoogleAds,2417,58,78,8,423.41,48.34
2025-04-21,social,LinkedIn,12090,649,1186,81,3399.84,60.45
2025-04-21,social,X,7741,81,65,3,162.09,38.7
2025-04-21,social,YouTube,4213,216,148,5,164.1,21.07
2025-04-21,social,Instagram,15405,975,1321,121,6423.28,77.03
2025-04-21,email,Mailchimp,6536,248,374,34,747.64,32.68
2025-04-21,website,Organic,16386,957,1155,39,2162.6,81.93
2025-04-21,paid,GoogleAds,13507,194,166,19,407.28,270.14
2025-04-22,social,LinkedIn,13855,687,1111,47,2205.45,69.28
2025-04-22,social,X,2254,60,111,4,40.19,11.27
2025-04-22,social,YouTube,16287,218,187,21,440.57,81.44
2025-04-22,social,Instagram,2449,183,266,29,671.28,12.25
2025-04-22,email,Mailchimp,6027,257,313,36,1727.12,30.14
2025-04-22,website,Organic,4164,96,164,5,178.03,20.82
2025-04-22,paid,GoogleAds,4466,204,394,22,1186.81,89.32
2025-04-23,social,LinkedIn,3363,234,312,31,1088.84,16.82
2025-04-23,social,X,3543,210,313,25,821.35,17.71
2025-04-23,social,YouTube,1250,61,49,1,35.35,6.25
2025-04-23,social,Instagram,16007,393,613,57,2484.43,80.03
2025-04-23,email,Mailchimp,4617,244,153,11,482.71,23.09
2025-04-23,website,Organic,3878,236,418,43,648.05,19.39
2025-04-23,paid,GoogleAds,13045,380,366,18,624.72,260.9
2025-04-24,social,LinkedIn,11972,763,389,10,156.83,59.86
2025-04-24,social,X,8008,371,439,26,1054.33,40.04
2025-04-24,social,YouTube,7908,586,937,93,5174.85,39.54
2025-04-24,social,Instagram,2930,176,96,8,419.99,14.65
2025-04-24,email,Mailchimp,15115,998,581,47,1159.41,75.58
2025-04-24,website,Organic,9370,557,489,24,658.18,46.85
2025-04-24,paid,GoogleAds,11630,427,317,11,630.68,232.6
2025-04-25,social,LinkedIn,16509,1046,1835,219,10432.01,82.55
2025-04-25,social,X,9984,661,343,25,675.89,49.92
2025-04-25,social,YouTube,12691,945,938,91,4436.08,63.45
2025-04-25,social,Instagram,12227,802,1041,31,1589.43,61.13
2025-04-25,email,Mailchimp,11278,448,450,11,177.02,56.39
2025-04-25,website,Organic,16008,340,440,37,1366.05,80.04
2025-04-25,paid,GoogleAds,14353,1079,1379,134,5571.0,287.06
2025-04-26,social,LinkedIn,7959,201,328,35,1600.02,39.8
2025-04-26,social,X,15135,909,1803,67,2137.27,75.67
2025-04-26,social,YouTube,6453,376,608,57,1278.2,32.27
2025-04-26,social,Instagram,9425,728,464,49,2060.79,47.12
2025-04-26,email,Mailchimp,5653,316,441,39,982.61,28.27
2025-04-26,website,Organic,3095,189,246,6,82.35,15.47
2025-04-26,paid,GoogleAds,4698,284,418,29,1562.8,93.96
2025-04-27,social,LinkedIn,15746,353,229,11,334.92,78.73
2025-04-27,social,X,6676,274,436,12,679.39,33.38
2025-04-27,social,YouTube,12217,398,322,18,886.05,61.09
2025-04-27,social,Instagram,4492,313,533,46,1098.59,22.46
2025-04-27,email,Mailchimp,1321,91,55,1,49.12,6.61
2025-04-27,website,Organic,11222,631,486,16,237.68,56.11
2025-04-27,paid,GoogleAds,2875,105,155,11,232.79,57.5
2025-04-28,social,LinkedIn,3123,95,85,9,511.22,15.62
2025-04-28,social,X,12644,448,709,23,1136.18,63.22
2025-04-28,social,YouTube,9245,332,248,21,1126.03,46.23
2025-04-28,social,Instagram,6433,192,205,19,402.78,32.16
2025-04-28,email,Mailchimp,7354,529,869,91,2005.98,36.77
2025-04-28,website,Organic,16459,467,238,7,202.09,82.3
2025-04-28,paid,GoogleAds,13102,346,188,12,189.51,262.04
2025-04-29,social,LinkedIn,16071,785,972,58,1986.39,80.36
2025-04-29,social,X,6695,493,561,14,273.55,33.48
2025-04-29,social,YouTube,9719,342,411,46,1736.01,48.59
2025-04-29,social,Instagram,3343,152,186,7,283.9,16.71
2025-04-29,email,Mailchimp,13327,235,450,32,703.58,66.64
2025-04-29,website,Organic,6591,301,293,8,270.94,32.95
2025-04-29,paid,GoogleAds,16351,1221,1454,135,1852.44,327.02
2025-04-30,social,LinkedIn,15844,858,555,26,1285.79,79.22
2025-04-30,social,X,3233,59,116,7,132.99,16.16
2025-04-30,social,YouTube,1356,73,125,13,548.32,6.78
2025-04-30,social,Instagram,2055,97,82,5,201.23,10.28
2025-04-30,email,Mailchimp,12943,260,443,50,2350.93,64.72
2025-04-30,website,Organic,13049,730,1077,96,1035.14,65.25
2025-04-30,paid,GoogleAds,16023,1171,729,30,353.86,320.46
2025-05-01,social,LinkedIn,15385,1204,2117,106,2724.34,76.92
2025-05-01,social,X,7532,570,628,55,584.68,37.66
2025-05-01,social,YouTube,16866,443,538,38,2181.79,84.33
2025-05-01,social,Instagram,17125,977,799,88,1726.57,85.62
2025-05-01,email,Mailchimp,16415,396,791,51,1087.02,82.08
2025-05-01,website,Organic,11544,141,108,6,272.68,57.72
2025-05-01,paid,GoogleAds,13253,846,725,75,1330.54,265.06
2025-05-02,social,LinkedIn,9449,495,600,44,1290.41,47.24
2025-05-02,social,X,9554,256,174,20,349.15,47.77
2025-05-02,social,YouTube,5491,438,307,16,762.62,27.46
2025-05-02,social,Instagram,6496,171,128,10,326.21,32.48
2025-05-02,email,Mailchimp,14399,399,540,22,385.84,72.0
2025-05-02,website,Organic,9812,762,1194,35,1112.26,49.06
2025-05-02,paid,GoogleAds,4411,342,634,17,810.45,88.22
2025-05-03,social,LinkedIn,6740,478,540,39,2045.19,33.7
2025-05-03,social,X,17803,904,1057,73,2666.02,89.02
2025-05-03,social,YouTube,13109,955,1856,72,993.68,65.55
2025-05-03,social,Instagram,9301,464,358,31,706.27,46.51
2025-05-03,email,Mailchimp,8751,339,655,29,1481.99,43.76
2025-05-03,website,Organic,2870,154,185,16,799.68,14.35
2025-05-03,paid,GoogleAds,1314,54,54,5,288.99,26.28
2025-05-04,social,LinkedIn,6906,294,290,33,1944.05,34.53
2025-05-04,social,X,3914,301,244,14,813.11,19.57
2025-05-04,social,YouTube,8618,309,482,27,937.36,43.09
2025-05-04,social,Instagram,12957,245,204,8,186.41,64.78
2025-05-04,email,Mailchimp,2168,99,180,14,592.46,10.84
2025-05-04,website,Organic,16386,831,1590,123,3417.44,81.93
2025-05-04,paid,GoogleAds,15326,490,841,75,3286.69,306.52
2025-05-05,social,LinkedIn,6273,235,158,13,319.92,31.37
2025-05-05,social,X,7685,418,650,75,1486.14,38.43
2025-05-05,social,YouTube,10858,601,447,11,360.21,54.29
2025-05-05,social,Instagram,2495,59,30,2,92.56,12.47
2025-05-05,email,Mailchimp,9927,119,202,20,285.78,49.63
2025-05-05,website,Organic,9156,94,79,3,136.66,45.78
2025-05-05,paid,GoogleAds,8745,99,66,7,409.49,174.9
2025-05-06,social,LinkedIn,5869,251,153,8,196.71,29.34
2025-05-06,social,X,16690,1188,1187,133,3085.51,83.45
2025-05-06,social,YouTube,9701,159,228,20,462.95,48.51
2025-05-06,social,Instagram,11769,399,493,19,1072.52,58.84
2025-05-06,email,Mailchimp,2679,167,293,18,445.63,13.39
2025-05-06,website,Organic,1544,40,67,6,88.26,7.72
2025-05-06,paid,GoogleAds,5988,140,218,21,1040.83,119.76
2025-05-07,social,LinkedIn,8577,459,797,53,1684.0,42.88
2025-05-07,social,X,1430,33,45,1,41.7,7.15
2025-05-07,social,YouTube,8894,556,696,50,1329.62,44.47
2025-05-07,social,Instagram,2870,34,53,2,49.08,14.35
2025-05-07,email,Mailchimp,15884,842,1560,63,1610.08,79.42
2025-05-07,website,Organic,9545,183,108,7,188.61,47.73
2025-05-07,paid,GoogleAds,11147,420,539,27,1315.75,222.94
2025-05-08,social,LinkedIn,11338,184,105,7,122.94,56.69
2025-05-08,social,X,9033,382,304,9,318.06,45.16
2025-05-08,social,YouTube,12889,747,907,46,632.36,64.45
2025-05-08,social,Instagram,3295,176,203,5,250.88,16.48
2025-05-08,email,Mailchimp,17828,455,444,30,1368.5,89.14
2025-05-08,website,Organic,13178,625,1043,96,2470.45,65.89
2025-05-08,paid,GoogleAds,2672,46,54,4,95.72,53.44
2025-05-09,social,LinkedIn,2224,155,296,22,289.52,11.12
2025-05-09,social,X,2150,66,39,3,145.61,10.75
2025-05-09,social,YouTube,15331,711,509,45,2060.71,76.66
2025-05-09,social,Instagram,2678,32,59,5,182.51,13.39
2025-05-09,email,Mailchimp,3314,106,183,14,424.44,16.57
2025-05-09,website,Organic,8853,196,322,20,538.03,44.27
2025-05-09,paid,GoogleAds,5039,364,432,32,466.7,100.78
2025-05-10,social,LinkedIn,13671,589,1139,91,2223.61,68.36
2025-05-10,social,X,16244,609,488,48,2277.6,81.22
2025-05-10,social,YouTube,17090,298,512,27,604.7,85.45
2025-05-10,social,Instagram,9360,429,738,66,3881.56,46.8
2025-05-10,email,Mailchimp,11526,368,586,61,2691.98,57.63
2025-05-10,website,Organic,14710,205,102,4,108.76,73.55
2025-05-10,paid,GoogleAds,9333,489,904,104,2740.72,186.66
2025-05-11,social,LinkedIn,11413,768,690,39,1120.57,57.06
2025-05-11,social,X,12563,472,437,49,520.85,62.82
2025-05-11,social,YouTube,14453,909,1504,115,6392.92,72.27
2025-05-11,social,Instagram,2711,215,342,32,1620.82,13.55
2025-05-11,email,Mailchimp,9297,421,416,26,659.24,46.48
2025-05-11,website,Organic,8857,422,423,43,1172.35,44.29
2025-05-11,paid,GoogleAds,6657,461,838,28,1593.55,133.14
2025-05-12,social,LinkedIn,2572,168,296,34,1948.48,12.86
2025-05-12,social,X,16408,1063,1778,190,3934.2,82.04
2025-05-12,social,YouTube,12155,428,255,8,434.65,60.77
2025-05-12,social,Instagram,1837,47,28,0,0.0,9.19
2025-05-12,email,Mailchimp,7502,526,768,39,1319.46,37.51
2025-05-12,website,Organic,13389,424,614,67,2246.09,66.95
2025-05-12,paid,GoogleAds,12303,754,729,78,3015.75,246.06
2025-05-13,social,LinkedIn,4469,232,463,50,671.11,22.34
2025-05-13,social,X,15618,611,1112,96,1958.08,78.09
2025-05-13,social,YouTube,12873,617,1166,100,5316.03,64.36
2025-05-13,social,Instagram,2143,90,121,2,33.1,10.71
2025-05-13,email,Mailchimp,4025,92,86,6,283.5,20.12
2025-05-13,website,Organic,4327,110,177,17,356.16,21.64
2025-05-13,paid,GoogleAds,15203,319,464,12,370.09,304.06
2025-05-14,social,LinkedIn,11723,364,361,33,638.25,58.62
2025-05-14,social,X,17394,187,337,27,780.29,86.97
2025-05-14,social,YouTube,6376,145,270,20,959.53,31.88
2025-05-14,social,Instagram,12852,176,102,7,385.48,64.26
2025-05-14,email,Mailchimp,8048,368,698,53,910.75,40.24
2025-05-14,website,Organic,15361,1017,1155,92,2112.06,76.81
2025-05-14,paid,GoogleAds,10044,264,217,17,216.04,200.88
2025-05-15,social,LinkedIn,1185,78,144,5,245.7,5.92
2025-05-15,social,X,9376,246,426,18,337.4,46.88
2025-05-15,social,YouTube,7619,596,943,29,960.41,38.09
2025-05-15,social,Instagram,8072,234,411,46,580.88,40.36
2025-05-15,email,Mailchimp,1056,43,27,0,0.0,5.28
2025-05-15,website,Organic,14600,291,346,29,1736.54,73.0
2025-05-15,paid,GoogleAds,12011,463,732,87,1860.4,240.22
2025-05-16,social,LinkedIn,14439,504,581,29,1210.74,72.2
2025-05-16,social,X,15599,248,195,10,352.28,78.0
2025-05-16,social,YouTube,7016,275,483,46,1821.72,35.08
2025-05-16,social,Instagram,16501,1256,1516,60,2375.9,82.5
2025-05-16,email,Mailchimp,5739,258,219,12,350.07,28.7
2025-05-16,website,Organic,3281,125,128,8,220.8,16.41
2025-05-16,paid,GoogleAds,13842,763,914,94,3515.19,276.84
2025-05-17,social,LinkedIn,2364,164,261,14,580.97,11.82
2025-05-17,social,X,14161,1085,1551,55,2344.09,70.81
2025-05-17,social,YouTube,1128,86,61,3,157.74,5.64
2025-05-17,social,Instagram,11702,600,909,49,2804.85,58.51
2025-05-17,email,Mailchimp,14189,788,731,24,1325.31,70.95
2025-05-17,website,Organic,1876,99,169,10,237.34,9.38
2025-05-17,paid,GoogleAds,1649,56,72,8,335.67,32.98
2025-05-18,social,LinkedIn,16627,301,265,21,803.57,83.14
2025-05-18,social,X,9539,106,180,4,202.08,47.7
2025-05-18,social,YouTube,1393,40,39,3,54.03,6.96
2025-05-18,social,Instagram,13362,153,120,3,150.84,66.81
2025-05-18,email,Mailchimp,5813,184,152,9,144.9,29.07
2025-05-18,website,Organic,4509,343,454,50,723.98,22.55
2025-05-18,paid,GoogleAds,5868,236,186,17,899.82,117.36
2025-05-19,social,LinkedIn,13640,539,778,70,1328.18,68.2
2025-05-19,social,X,5139,402,223,5,81.06,25.7
2025-05-19,social,YouTube,1714,56,86,3,99.5,8.57
2025-05-19,social,Instagram,4509,102,144,12,701.73,22.55
2025-05-19,email,Mailchimp,12817,236,421,22,669.92,64.09
2025-05-19,website,Organic,15619,410,804,96,4348.18,78.09
2025-05-19,paid,GoogleAds,6737,145,266,26,1073.84,134.74
2025-05-20,social,LinkedIn,2931,120,171,18,884.87,14.66
2025-05-20,social,X,1452,60,109,8,214.79,7.26
2025-05-20,social,YouTube,13973,639,460,11,542.56,69.86
2025-05-20,social,Instagram,17925,358,272,15,668.01,89.62
2025-05-20,email,Mailchimp,1150,51,96,8,455.48,5.75
2025-05-20,website,Organic,12860,501,753,57,2645.89,64.3
2025-05-20,paid,GoogleAds,14395,480,585,45,2653.1,287.9
2025-05-21,social,LinkedIn,6284,201,214,10,551.89,31.42
2025-05-21,social,X,1140,90,137,7,335.14,5.7
2025-05-21,social,YouTube,9594,633,636,49,1827.76,47.97
2025-05-21,social,Instagram,10014,701,1390,96,4937.49,50.07
2025-05-21,email,Mailchimp,2521,51,83,6,332.16,12.61
2025-05-21,website,Organic,17633,703,1335,38,1856.45,88.17
2025-05-21,paid,GoogleAds,4371,158,286,23,730.67,87.42
2025-05-22,social,LinkedIn,9408,147,172,9,106.06,47.04
2025-05-22,social,X,10807,270,399,19,541.99,54.04
2025-05-22,social,YouTube,17643,1341,2677,167,6444.17,88.22
2025-05-22,social,Instagram,10097,423,759,45,2587.5,50.48
2025-05-22,email,Mailchimp,16491,1271,723,74,3741.84,82.45
2025-05-22,website,Organic,10672,146,289,21,987.41,53.36
2025-05-22,paid,GoogleAds,5297,183,325,34,781.51,105.94
2025-05-23,social,LinkedIn,17593,216,262,7,367.99,87.97
2025-05-23,social,X,2127,53,74,7,98.18,10.63
2025-05-23,social,YouTube,10535,358,679,26,437.62,52.68
2025-05-23,social,Instagram,4935,272,478,22,400.67,24.68
2025-05-23,email,Mailchimp,8311,358,601,27,1502.02,41.55
2025-05-23,website,Organic,8246,175,349,17,1014.51,41.23
2025-05-23,paid,GoogleAds,3067,166,215,22,707.9,61.34
2025-05-24,social,LinkedIn,4222,165,198,10,130.22,21.11
2025-05-24,social,X,13567,356,425,43,2498.29,67.84
2025-05-24,social,YouTube,9480,201,306,23,695.92,47.4
2025-05-24,social,Instagram,6496,480,887,59,3343.01,32.48
2025-05-24,email,Mailchimp,13047,220,274,32,845.59,65.23
2025-05-24,website,Organic,12233,881,926,107,6321.85,61.16
2025-05-24,paid,GoogleAds,5598,251,231,12,466.65,111.96
2025-05-25,social,LinkedIn,6839,218,118,4,64.8,34.2
2025-05-25,social,X,10313,431,454,44,2503.99,51.56
2025-05-25,social,YouTube,12872,561,1062,42,2432.08,64.36
2025-05-25,social,Instagram,6730,237,333,16,935.39,33.65
2025-05-25,email,Mailchimp,9002,536,739,45,921.68,45.01
2025-05-25,website,Organic,3323,81,102,3,155.53,16.62
2025-05-25,paid,GoogleAds,4616,267,504,60,2634.64,92.32
2025-05-26,social,LinkedIn,1058,30,58,1,24.02,5.29
2025-05-26,social,X,1289,59,60,5,183.19,6.45
2025-05-26,social,YouTube,6922,75,60,2,103.23,34.61
2025-05-26,social,Instagram,4331,107,73,5,234.92,21.66
2025-05-26,email,Mailchimp,11600,663,713,85,964.27,58.0
2025-05-26,website,Organic,14908,264,427,20,347.92,74.54
2025-05-26,paid,GoogleAds,12934,917,488,11,139.95,258.68
2025-05-27,social,LinkedIn,15009,804,1190,42,1944.74,75.05
2025-05-27,social,X,5371,188,347,15,256.25,26.86
2025-05-27,social,YouTube,6182,127,84,8,129.92,30.91
2025-05-27,social,Instagram,11134,503,684,52,1593.02,55.67
2025-05-27,email,Mailchimp,1495,91,77,2,112.57,7.48
2025-05-27,website,Organic,1188,31,53,2,29.26,5.94
2025-05-27,paid,GoogleAds,16645,852,974,65,785.11,332.9
2025-05-28,social,LinkedIn,2603,108,135,15,603.03,13.02
2025-05-28,social,X,6928,165,146,14,668.14,34.64
2025-05-28,social,YouTube,12102,670,760,38,1353.11,60.51
2025-05-28,social,Instagram,15644,424,310,15,393.22,78.22
2025-05-28,email,Mailchimp,4478,266,304,11,134.98,22.39
2025-05-28,website,Organic,5011,397,636,59,3005.29,25.05
2025-05-28,paid,GoogleAds,2913,87,48,1,36.05,58.26
2025-05-29,social,LinkedIn,7267,332,249,21,664.97,36.34
2025-05-29,social,X,15872,260,482,9,190.23,79.36
2025-05-29,social,YouTube,14053,239,265,19,463.3,70.27
2025-05-29,social,Instagram,12938,432,388,33,697.28,64.69
2025-05-29,email,Mailchimp,14131,553,977,26,370.28,70.66
2025-05-29,website,Organic,2862,137,272,30,449.82,14.31
2025-05-29,paid,GoogleAds,17459,1006,884,26,1462.4,349.18
2025-05-30,social,LinkedIn,15676,477,906,91,3064.49,78.38
2025-05-30,social,X,5630,82,94,8,90.06,28.15
2025-05-30,social,YouTube,7056,356,699,17,777.98,35.28
2025-05-30,social,Instagram,3454,61,59,1,39.15,17.27
2025-05-30,email,Mailchimp,9790,336,518,29,1322.71,48.95
2025-05-30,website,Organic,10074,214,247,9,149.41,50.37
2025-05-30,paid,GoogleAds,15112,1065,1549,55,2948.15,302.24
2025-05-31,social,LinkedIn,4833,87,93,8,81.45,24.16
2025-05-31,social,X,2386,169,105,5,197.54,11.93
2025-05-31,social,YouTube,15483,1205,1766,202,7735.1,77.42
2025-05-31,social,Instagram,7440,236,190,17,277.42,37.2
2025-05-31,email,Mailchimp,12623,577,797,33,787.74,63.12
2025-05-31,website,Organic,17478,332,177,11,438.79,87.39
2025-05-31,paid,GoogleAds,2428,114,104,10,451.84,48.56
2025-06-01,social,LinkedIn,13287,614,536,60,2132.49,66.44
2025-06-01,social,X,13293,639,600,61,707.12,66.47
2025-06-01,social,YouTube,9414,412,657,27,880.24,47.07
2025-06-01,social,Instagram,12729,759,897,25,700.47,63.65
2025-06-01,email,Mailchimp,7795,528,1042,65,3038.94,38.98
2025-06-01,website,Organic,9382,511,787,37,482.61,46.91
2025-06-01,paid,GoogleAds,12816,495,572,46,2506.94,256.32
2025-06-02,social,LinkedIn,11011,730,616,33,509.13,55.05
2025-06-02,social,X,7095,313,329,15,515.4,35.48
2025-06-02,social,YouTube,5297,384,680,72,2301.3,26.48
2025-06-02,social,Instagram,14802,309,225,18,821.51,74.01
2025-06-02,email,Mailchimp,12541,372,700,73,1939.97,62.7
2025-06-02,website,Organic,6670,482,549,21,1021.37,33.35
2025-06-02,paid,GoogleAds,13276,606,404,19,674.99,265.52
2025-06-03,social,LinkedIn,9364,740,805,31,1522.23,46.82
2025-06-03,social,X,13182,237,232,7,82.27,65.91
2025-06-03,social,YouTube,7174,175,239,18,388.56,35.87
2025-06-03,social,Instagram,4221,101,180,19,411.67,21.11
2025-06-03,email,Mailchimp,11551,213,289,20,1050.4,57.76
2025-06-03,website,Organic,3949,180,123,5,127.83,19.75
2025-06-03,paid,GoogleAds,14646,1084,567,24,638.32,292.92
2025-06-04,social,LinkedIn,14088,377,672,29,1141.5,70.44
2025-06-04,social,X,13360,726,928,69,1737.99,66.8
2025-06-04,social,YouTube,16380,1053,1283,152,1933.28,81.9
2025-06-04,social,Instagram,13462,569,795,29,1158.83,67.31
2025-06-04,email,Mailchimp,16384,792,856,85,1294.56,81.92
2025-06-04,website,Organic,9519,600,973,110,5928.86,47.59
2025-06-04,paid,GoogleAds,11179,473,387,7,102.73,223.58
2025-06-05,social,LinkedIn,3981,91,46,2,65.56,19.91
2025-06-05,social,X,12398,571,1126,41,1456.73,61.99
2025-06-05,social,YouTube,17178,308,288,21,441.5,85.89
2025-06-05,social,Instagram,13698,480,481,39,1488.54,68.49
2025-06-05,email,Mailchimp,10305,652,930,85,4434.27,51.52
2025-06-05,website,Organic,12994,727,943,49,1294.67,64.97
2025-06-05,paid,GoogleAds,4733,159,179,20,560.85,94.66
2025-06-06,social,LinkedIn,14173,145,289,11,402.34,70.86
2025-06-06,social,X,12819,492,417,41,1347.37,64.09
2025-06-06,social,YouTube,13286,890,522,30,1631.14,66.43
2025-06-06,social,Instagram,11510,664,1004,69,2319.58,57.55
2025-06-06,email,Mailchimp,7472,357,214,8,154.49,37.36
2025-06-06,website,Organic,17441,340,482,17,603.1,87.2
2025-06-06,paid,GoogleAds,11288,342,445,40,1865.43,225.76
2025-06-07,social,LinkedIn,4646,90,86,7,261.17,23.23
2025-06-07,social,X,8280,472,762,39,636.24,41.4
2025-06-07,social,YouTube,12928,575,761,27,350.18,64.64
2025-06-07,social,Instagram,4489,70,100,7,311.12,22.45
2025-06-07,email,Mailchimp,17782,1084,977,102,1923.7,88.91
2025-06-07,website,Organic,1765,19,34,2,103.02,8.83
2025-06-07,paid,GoogleAds,15874,750,1345,54,2966.12,317.48
2025-06-08,social,LinkedIn,12102,632,440,25,1386.99,60.51
2025-06-08,social,X,1736,93,63,2,49.26,8.68
2025-06-08,social,YouTube,10133,314,502,14,283.43,50.66
2025-06-08,social,Instagram,15424,805,1574,118,1212.46,77.12
2025-06-08,email,Mailchimp,2930,179,150,4,225.01,14.65
2025-06-08,website,Organic,16860,891,1597,54,2428.16,84.3
2025-06-08,paid,GoogleAds,16204,589,1006,103,5867.89,324.08
2025-06-09,social,LinkedIn,8223,244,394,40,895.57,41.12
2025-06-09,social,X,11014,415,346,14,807.84,55.07
2025-06-09,social,YouTube,13065,552,564,38,1565.96,65.33
2025-06-09,social,Instagram,12696,483,357,24,1334.73,63.48
2025-06-09,email,Mailchimp,14305,299,492,30,576.84,71.53
2025-06-09,website,Organic,17607,434,833,71,1593.01,88.03
2025-06-09,paid,GoogleAds,4091,116,118,3,72.29,81.82
2025-06-10,social,LinkedIn,8135,261,446,47,1181.24,40.68
2025-06-10,social,X,5516,268,375,30,488.17,27.58
2025-06-10,social,YouTube,6568,199,357,35,1536.77,32.84
2025-06-10,social,Instagram,16304,661,998,115,2237.3,81.52
2025-06-10,email,Mailchimp,4300,89,67,7,181.21,21.5
2025-06-10,website,Organic,15221,565,408,15,583.11,76.11
2025-06-10,paid,GoogleAds,7224,153,211,8,338.32,144.48
2025-06-11,social,LinkedIn,16929,1160,609,68,1357.41,84.64
2025-06-11,social,X,2255,162,237,7,222.37,11.28
2025-06-11,social,YouTube,11040,597,830,94,1748.19,55.2
2025-06-11,social,Instagram,12362,445,542,14,590.34,61.81
2025-06-11,email,Mailchimp,11060,229,303,28,421.54,55.3
2025-06-11,website,Organic,2654,63,50,2,103.35,13.27
2025-06-11,paid,GoogleAds,9614,425,372,18,595.35,192.28
2025-06-12,social,LinkedIn,13174,355,645,39,1861.0,65.87
2025-06-12,social,X,1270,22,35,2,69.03,6.35
2025-06-12,social,YouTube,1756,139,113,2,95.69,8.78
2025-06-12,social,Instagram,14492,805,1046,44,1359.42,72.46
2025-06-12,email,Mailchimp,17781,1108,1678,131,4787.09,88.91
2025-06-12,website,Organic,16597,484,843,93,4746.93,82.98
2025-06-12,paid,GoogleAds,7917,445,596,39,1510.9,158.34
2025-06-13,social,LinkedIn,9031,719,908,28,1238.99,45.16
2025-06-13,social,X,15119,1186,616,50,2080.11,75.59
2025-06-13,social,YouTube,7312,313,217,10,456.35,36.56
2025-06-13,social,Instagram,7703,153,166,3,74.44,38.52
2025-06-13,email,Mailchimp,13515,552,545,43,1153.95,67.58
2025-06-13,website,Organic,5199,69,42,1,24.77,26.0
2025-06-13,paid,GoogleAds,6320,114,182,4,227.25,126.4
2025-06-14,social,LinkedIn,1824,117,219,19,775.36,9.12
2025-06-14,social,X,17427,1076,1982,62,2058.32,87.14
2025-06-14,social,YouTube,16961,1317,1415,89,1904.83,84.81
2025-06-14,social,Instagram,7549,245,359,37,1097.39,37.74
2025-06-14,email,Mailchimp,10135,693,955,81,1873.31,50.68
2025-06-14,website,Organic,7652,158,171,13,364.91,38.26
2025-06-14,paid,GoogleAds,6613,263,501,54,1182.75,132.26
2025-06-15,social,LinkedIn,1545,60,33,2,111.56,7.73
2025-06-15,social,X,10921,805,933,89,1345.39,54.61
2025-06-15,social,YouTube,4577,175,220,22,1111.67,22.89
2025-06-15,social,Instagram,12930,243,294,6,105.33,64.65
2025-06-15,email,Mailchimp,8289,453,780,58,2332.67,41.45
2025-06-15,website,Organic,3309,64,110,6,135.56,16.55
2025-06-15,paid,GoogleAds,8896,283,550,41,2411.72,177.92
2025-06-16,social,LinkedIn,14376,451,265,8,251.15,71.88
2025-06-16,social,X,8040,411,650,31,1080.18,40.2
2025-06-16,social,YouTube,7116,357,189,12,315.2,35.58
2025-06-16,social,Instagram,10005,547,691,20,716.36,50.02
2025-06-16,email,Mailchimp,12154,316,212,15,527.91,60.77
2025-06-16,website,Organic,11094,401,448,48,1137.14,55.47
2025-06-16,paid,GoogleAds,8898,705,1350,61,3093.71,177.96
2025-06-17,social,LinkedIn,7684,149,196,6,302.97,38.42
2025-06-17,social,X,1498,23,41,1,22.96,7.49
2025-06-17,social,YouTube,7356,279,212,18,450.32,36.78
2025-06-17,social,Instagram,4423,101,147,10,309.81,22.12
2025-06-17,email,Mailchimp,7262,559,608,53,1048.58,36.31
2025-06-17,website,Organic,10364,395,534,38,737.05,51.82
2025-06-17,paid,GoogleAds,5615,435,724,86,2862.0,112.3
2025-06-18,social,LinkedIn,3673,98,158,14,797.0,18.37
2025-06-18,social,X,12777,914,823,81,2734.99,63.88
2025-06-18,social,YouTube,11239,585,1155,125,2399.68,56.2
2025-06-18,social,Instagram,6792,148,108,8,164.81,33.96
2025-06-18,email,Mailchimp,12028,848,1091,37,1389.16,60.14
2025-06-18,website,Organic,11783,918,856,24,487.14,58.91
2025-06-18,paid,GoogleAds,1396,106,87,5,160.14,27.92
2025-06-19,social,LinkedIn,13293,864,553,63,1899.95,66.47
2025-06-19,social,X,8880,103,66,6,234.6,44.4
2025-06-19,social,YouTube,17516,285,334,13,168.02,87.58
2025-06-19,social,Instagram,2043,147,100,10,110.52,10.21
2025-06-19,email,Mailchimp,16897,819,1408,49,1812.49,84.48
2025-06-19,website,Organic,9711,332,246,7,414.32,48.55
2025-06-19,paid,GoogleAds,12005,623,1173,118,4523.85,240.1
2025-06-20,social,LinkedIn,11686,155,193,13,154.79,58.43
2025-06-20,social,X,9329,554,1050,88,3795.04,46.65
2025-06-20,social,YouTube,15092,972,1135,75,3598.66,75.46
2025-06-20,social,Instagram,11410,848,1299,48,752.06,57.05
2025-06-20,email,Mailchimp,5183,127,103,8,155.23,25.91
2025-06-20,website,Organic,11921,950,1110,110,4574.44,59.61
2025-06-20,paid,GoogleAds,6683,447,262,16,213.81,133.66
2025-06-21,social,LinkedIn,2011,22,26,1,57.72,10.05
2025-06-21,social,X,14554,381,269,6,183.26,72.77
2025-06-21,social,YouTube,12120,379,468,27,1141.56,60.6
2025-06-21,social,Instagram,17559,187,103,10,315.58,87.8
2025-06-21,email,Mailchimp,8258,276,142,4,51.09,41.29
2025-06-21,website,Organic,14856,1041,1285,89,2552.64,74.28
2025-06-21,paid,GoogleAds,4233,215,294,6,175.06,84.66
2025-06-22,social,LinkedIn,9573,370,717,50,1817.48,47.87
2025-06-22,social,X,4397,195,215,6,279.45,21.98
2025-06-22,social,YouTube,17535,909,612,48,2570.4,87.67
2025-06-22,social,Instagram,10966,144,261,22,524.21,54.83
2025-06-22,email,Mailchimp,1091,73,134,5,194.24,5.46
2025-06-22,website,Organic,13415,231,333,26,328.27,67.08
2025-06-22,paid,GoogleAds,11057,530,1003,76,4231.35,221.14
2025-06-23,social,LinkedIn,1954,78,142,11,429.16,9.77
2025-06-23,social,X,5792,310,377,31,1136.77,28.96
2025-06-23,social,YouTube,10486,799,416,21,1130.18,52.43
2025-06-23,social,Instagram,2954,187,162,17,310.01,14.77
2025-06-23,email,Mailchimp,9602,256,274,11,497.62,48.01
2025-06-23,website,Organic,11665,618,440,44,2242.5,58.33
2025-06-23,paid,GoogleAds,4309,117,149,8,218.43,86.18
2025-06-24,social,LinkedIn,15690,349,466,45,2554.88,78.45
2025-06-24,social,X,1609,75,127,3,48.33,8.04
2025-06-24,social,YouTube,1031,38,50,5,66.06,5.16
2025-06-24,social,Instagram,11797,176,188,21,778.88,58.98
2025-06-24,email,Mailchimp,2324,117,79,7,247.55,11.62
2025-06-24,website,Organic,5691,250,438,14,761.11,28.46
2025-06-24,paid,GoogleAds,6040,403,339,6,320.2,120.8
2025-06-25,social,LinkedIn,9463,159,262,25,1042.17,47.31
2025-06-25,social,X,11740,921,639,24,1087.43,58.7
2025-06-25,social,YouTube,13864,802,1422,109,2592.22,69.32
2025-06-25,social,Instagram,9245,483,374,30,858.0,46.23
2025-06-25,email,Mailchimp,5981,161,248,21,337.95,29.91
2025-06-25,website,Organic,11035,702,673,20,481.83,55.18
2025-06-25,paid,GoogleAds,16292,1082,1418,91,1332.56,325.84
2025-06-26,social,LinkedIn,14171,1014,753,20,952.87,70.86
2025-06-26,social,X,3992,293,322,10,326.86,19.96
2025-06-26,social,YouTube,2726,193,214,13,150.2,13.63
2025-06-26,social,Instagram,12162,292,403,25,683.5,60.81
2025-06-26,email,Mailchimp,15871,749,1160,37,1082.37,79.36
2025-06-26,website,Organic,10599,416,390,12,382.05,53.0
2025-06-26,paid,GoogleAds,15560,463,831,69,2348.16,311.2
2025-06-27,social,LinkedIn,13446,720,456,14,183.86,67.23
2025-06-27,social,X,15549,1094,967,44,666.86,77.75
2025-06-27,social,YouTube,17448,1030,1505,107,2090.88,87.24
2025-06-27,social,Instagram,1200,52,55,5,273.03,6.0
2025-06-27,email,Mailchimp,13324,731,976,90,1279.28,66.62
2025-06-27,website,Organic,13857,778,748,53,1292.58,69.28
2025-06-27,paid,GoogleAds,15614,1063,990,106,5166.39,312.28
2025-06-28,social,LinkedIn,16663,880,1260,47,1066.82,83.31
2025-06-28,social,X,17393,1236,1384,164,1845.11,86.97
2025-06-28,social,YouTube,17285,625,1089,45,2143.15,86.42
2025-06-28,social,Instagram,16350,1302,2073,186,8206.04,81.75
2025-06-28,email,Mailchimp,4038,65,127,5,143.81,20.19
2025-06-28,website,Organic,14588,525,783,69,2257.6,72.94
2025-06-28,paid,GoogleAds,15199,540,357,9,323.48,303.98
2025-06-29,social,LinkedIn,15654,989,1883,162,6240.07,78.27
2025-06-29,social,X,6628,177,254,17,1011.89,33.14
2025-06-29,social,YouTube,11797,324,315,21,678.59,58.98
2025-06-29,social,Instagram,17370,858,695,17,305.3,86.85
2025-06-29,email,Mailchimp,12331,380,234,9,314.27,61.66
2025-06-29,website,Organic,10787,441,576,42,509.37,53.94
2025-06-29,paid,GoogleAds,3169,70,56,1,17.64,63.38
2025-06-30,social,LinkedIn,10893,384,273,14,439.63,54.47
2025-06-30,social,X,5073,66,81,1,46.84,25.37
2025-06-30,social,YouTube,10148,365,721,33,1101.76,50.74
2025-06-30,social,Instagram,6220,417,492,45,1232.02,31.1
2025-06-30,email,Mailchimp,5396,279,413,24,914.16,26.98
2025-06-30,website,Organic,7246,226,235,11,239.89,36.23
2025-06-30,paid,GoogleAds,4282,209,224,18,467.03,85.64
2025-07-01,social,LinkedIn,1311,53,95,9,413.47,6.55
2025-07-01,social,X,10880,488,663,27,551.39,54.4
2025-07-01,social,YouTube,12468,614,746,41,1838.28,62.34
2025-07-01,social,Instagram,13405,211,379,29,1380.82,67.03
2025-07-01,email,Mailchimp,13722,742,1091,76,2414.08,68.61
2025-07-01,website,Organic,7860,347,192,18,376.3,39.3
2025-07-01,paid,GoogleAds,16460,1060,1635,80,3553.16,329.2
2025-07-02,social,LinkedIn,5487,299,348,32,1390.21,27.44
2025-07-02,social,X,7750,232,287,11,609.32,38.75
2025-07-02,social,YouTube,11182,423,225,11,613.48,55.91
2025-07-02,social,Instagram,7329,369,280,26,411.8,36.65
2025-07-02,email,Mailchimp,5840,452,431,41,1257.63,29.2
2025-07-02,website,Organic,15909,1204,1113,105,4701.87,79.55
2025-07-02,paid,GoogleAds,12259,341,656,75,799.26,245.18
2025-07-03,social,LinkedIn,11816,307,512,51,1180.55,59.08
2025-07-03,social,X,12213,142,249,12,128.13,61.06
2025-07-03,social,YouTube,9923,194,203,17,460.94,49.62
2025-07-03,social,Instagram,17651,398,348,27,872.35,88.25
2025-07-03,email,Mailchimp,10995,391,498,50,606.23,54.98
2025-07-03,website,Organic,14786,1098,1852,141,4762.67,73.93
2025-07-03,paid,GoogleAds,11799,871,754,34,1512.57,235.98
2025-07-04,social,LinkedIn,8717,651,1191,27,1215.79,43.59
2025-07-04,social,X,8805,168,255,17,901.75,44.02
2025-07-04,social,YouTube,13237,748,589,48,1500.54,66.19
2025-07-04,social,Instagram,16603,384,601,14,331.9,83.02
2025-07-04,email,Mailchimp,4857,213,270,29,1672.82,24.29
2025-07-04,website,Organic,4156,191,138,7,176.19,20.78
2025-07-04,paid,GoogleAds,11956,513,973,52,1554.75,239.12
2025-07-05,social,LinkedIn,12267,139,171,11,219.46,61.34
2025-07-05,social,X,17469,1325,895,93,4530.09,87.34
2025-07-05,social,YouTube,8346,434,282,32,483.77,41.73
2025-07-05,social,Instagram,11400,402,248,7,259.29,57.0
2025-07-05,email,Mailchimp,10734,808,869,87,2921.36,53.67
2025-07-05,website,Organic,12229,380,500,11,379.09,61.15
2025-07-05,paid,GoogleAds,3594,87,88,6,116.46,71.88
2025-07-06,social,LinkedIn,3081,237,147,13,602.9,15.41
2025-07-06,social,X,5142,57,107,6,238.5,25.71
2025-07-06,social,YouTube,9294,271,147,16,376.42,46.47
2025-07-06,social,Instagram,2347,67,79,3,159.36,11.73
2025-07-06,email,Mailchimp,8966,181,334,28,1096.23,44.83
2025-07-06,website,Organic,5298,233,242,26,825.17,26.49
2025-07-06,paid,GoogleAds,2868,130,257,17,666.82,57.36
2025-07-07,social,LinkedIn,2384,91,64,6,112.48,11.92
2025-07-07,social,X,17784,680,1233,86,4863.95,88.92
2025-07-07,social,YouTube,10109,289,248,16,677.98,50.55
2025-07-07,social,Instagram,4209,304,385,27,1605.02,21.05
2025-07-07,email,Mailchimp,8051,157,100,4,85.7,40.26
2025-07-07,website,Organic,2542,99,54,6,205.31,12.71
2025-07-07,paid,GoogleAds,7912,499,475,44,893.33,158.24
2025-07-08,social,LinkedIn,16196,1041,782,42,2150.97,80.98
2025-07-08,social,X,11948,937,634,26,398.62,59.74
2025-07-08,social,YouTube,11953,661,1103,78,2972.94,59.77
2025-07-08,social,Instagram,2559,143,197,13,621.95,12.79
2025-07-08,email,Mailchimp,2756,52,59,3,94.84,13.78
2025-07-08,website,Organic,12852,593,427,19,472.62,64.26
2025-07-08,paid,GoogleAds,3960,161,158,4,139.15,79.2
2025-07-09,social,LinkedIn,6734,346,363,15,161.52,33.67
2025-07-09,social,X,2683,203,188,12,314.3,13.42
2025-07-09,social,YouTube,2911,214,182,15,486.23,14.55
2025-07-09,social,Instagram,16389,673,454,17,856.72,81.95
2025-07-09,email,Mailchimp,12974,233,324,38,1738.83,64.87
2025-07-09,website,Organic,16048,1188,2319,144,2993.29,80.24
2025-07-09,paid,GoogleAds,15584,881,1066,116,6569.17,311.68
2025-07-10,social,LinkedIn,5271,89,123,7,157.35,26.36
2025-07-10,social,X,4989,255,295,12,656.02,24.95
2025-07-10,social,YouTube,3958,161,276,10,460.06,19.79
2025-07-10,social,Instagram,11834,919,1461,38,2036.91,59.17
2025-07-10,email,Mailchimp,1620,28,31,2,83.82,8.1
2025-07-10,website,Organic,12225,843,987,51,1033.46,61.12
2025-07-10,paid,GoogleAds,11030,523,378,44,1028.41,220.6
2025-07-11,social,LinkedIn,10032,413,656,32,1441.91,50.16
2025-07-11,social,X,7969,586,438,17,281.94,39.84
2025-07-11,social,YouTube,8002,486,369,37,934.18,40.01
2025-07-11,social,Instagram,16567,1303,953,53,658.31,82.84
2025-07-11,email,Mailchimp,9213,205,384,20,406.87,46.06
2025-07-11,website,Organic,9898,671,464,51,3056.29,49.49
2025-07-11,paid,GoogleAds,16097,738,1030,34,1434.81,321.94
2025-07-12,social,LinkedIn,9689,98,153,9,121.03,48.45
2025-07-12,social,X,9516,156,103,5,174.84,47.58
2025-07-12,social,YouTube,9145,722,1254,123,5394.48,45.73
2025-07-12,social,Instagram,2783,163,297,25,391.9,13.92
2025-07-12,email,Mailchimp,2458,28,37,3,41.72,12.29
2025-07-12,website,Organic,15080,354,436,32,1610.54,75.4
2025-07-12,paid,GoogleAds,15889,210,414,18,942.91,317.78
2025-07-13,social,LinkedIn,4842,183,305,29,1091.88,24.21
2025-07-13,social,X,4302,267,514,54,2174.46,21.51
2025-07-13,social,YouTube,11615,345,313,8,473.91,58.08
2025-07-13,social,Instagram,2421,38,40,3,128.14,12.11
2025-07-13,email,Mailchimp,12131,911,794,28,1161.22,60.66
2025-07-13,website,Organic,17913,819,630,67,1041.32,89.56
2025-07-13,paid,GoogleAds,6704,81,85,6,100.75,134.08
2025-07-14,social,LinkedIn,14743,1070,1286,31,1597.83,73.72
2025-07-14,social,X,1604,89,156,3,39.0,8.02
2025-07-14,social,YouTube,7017,133,125,13,577.92,35.09
2025-07-14,social,Instagram,4553,206,151,16,679.04,22.77
2025-07-14,email,Mailchimp,10674,345,241,8,241.0,53.37
2025-07-14,website,Organic,5158,160,112,5,110.03,25.79
2025-07-14,paid,GoogleAds,13118,865,546,28,1586.68,262.36
2025-07-15,social,LinkedIn,4102,260,338,33,1274.66,20.51
2025-07-15,social,X,4852,241,340,11,290.57,24.26
2025-07-15,social,YouTube,14352,162,104,3,170.56,71.76
2025-07-15,social,Instagram,14811,973,1772,91,1571.8,74.06
2025-07-15,email,Mailchimp,9960,582,615,33,583.54,49.8
2025-07-15,website,Organic,15970,674,1158,62,1615.69,79.85
2025-07-15,paid,GoogleAds,17818,304,295,7,318.93,356.36
2025-07-16,social,LinkedIn,14228,823,851,64,2530.39,71.14
2025-07-16,social,X,15726,458,836,83,2096.43,78.63
2025-07-16,social,YouTube,3775,221,328,20,240.24,18.88
2025-07-16,social,Instagram,10270,500,654,39,1476.74,51.35
2025-07-16,email,Mailchimp,3948,76,66,5,288.42,19.74
2025-07-16,website,Organic,15486,849,1451,129,7292.87,77.43
2025-07-16,paid,GoogleAds,2694,69,109,10,564.18,53.88
2025-07-17,social,LinkedIn,13367,630,1042,37,1345.84,66.84
2025-07-17,social,X,14040,1092,1870,38,1969.56,70.2
2025-07-17,social,YouTube,8604,495,473,44,1510.86,43.02
2025-07-17,social,Instagram,2141,75,136,12,390.39,10.71
2025-07-17,email,Mailchimp,11857,915,467,51,2331.0,59.29
2025-07-17,website,Organic,17036,828,1097,22,745.89,85.18
2025-07-17,paid,GoogleAds,14036,506,1007,85,1042.52,280.72
2025-07-18,social,LinkedIn,5035,215,136,8,173.08,25.18
2025-07-18,social,X,15667,866,1010,74,3866.22,78.34
2025-07-18,social,YouTube,15563,787,1019,75,2574.1,77.81
2025-07-18,social,Instagram,8121,550,337,10,272.79,40.61
2025-07-18,email,Mailchimp,5133,246,462,40,817.16,25.66
2025-07-18,website,Organic,8817,224,186,4,94.73,44.09
2025-07-18,paid,GoogleAds,2851,31,34,3,148.17,57.02
2025-07-19,social,LinkedIn,13767,713,677,63,2800.92,68.84
2025-07-19,social,X,6566,282,337,16,192.07,32.83
2025-07-19,social,YouTube,16270,1241,1221,102,3605.24,81.35
2025-07-19,social,Instagram,1904,132,227,15,281.81,9.52
2025-07-19,email,Mailchimp,9884,354,501,40,1057.5,49.42
2025-07-19,website,Organic,12576,931,1006,95,5442.76,62.88
2025-07-19,paid,GoogleAds,12077,399,628,63,1077.87,241.54
2025-07-20,social,LinkedIn,1758,90,156,4,148.58,8.79
2025-07-20,social,X,11282,889,1693,51,1461.76,56.41
2025-07-20,social,YouTube,14405,683,1321,59,665.37,72.03
2025-07-20,social,Instagram,9643,566,827,22,831.36,48.22
2025-07-20,email,Mailchimp,13533,966,855,87,949.98,67.67
2025-07-20,website,Organic,14644,171,161,3,37.4,73.22
2025-07-20,paid,GoogleAds,2924,77,120,10,147.53,58.48
2025-07-21,social,LinkedIn,12085,181,279,15,257.68,60.43
2025-07-21,social,X,3555,220,368,38,1233.77,17.78
2025-07-21,social,YouTube,8736,680,1284,94,2232.1,43.68
2025-07-21,social,Instagram,17991,608,1051,70,3431.0,89.95
2025-07-21,email,Mailchimp,9220,356,476,49,977.9,46.1
2025-07-21,website,Organic,1806,86,153,3,149.7,9.03
2025-07-21,paid,GoogleAds,15397,524,582,60,1487.7,307.94
2025-07-22,social,LinkedIn,7309,74,47,4,66.37,36.55
2025-07-22,social,X,9370,384,533,46,2106.52,46.85
2025-07-22,social,YouTube,1170,92,49,5,130.0,5.85
2025-07-22,social,Instagram,2974,119,101,7,413.23,14.87
2025-07-22,email,Mailchimp,7859,591,862,37,795.9,39.3
2025-07-22,website,Organic,4237,172,340,17,438.48,21.18
2025-07-22,paid,GoogleAds,16570,1249,2114,141,2520.4,331.4
2025-07-23,social,LinkedIn,13465,885,687,20,827.18,67.33
2025-07-23,social,X,15841,780,968,26,572.56,79.2
2025-07-23,social,YouTube,13136,915,572,50,1530.64,65.68
2025-07-23,social,Instagram,16483,600,423,45,1566.23,82.42
2025-07-23,email,Mailchimp,16192,488,313,25,1371.73,80.96
2025-07-23,website,Organic,6235,205,170,14,656.91,31.18
2025-07-23,paid,GoogleAds,9119,375,647,68,2392.11,182.38
2025-07-24,social,LinkedIn,17206,697,1030,109,2198.28,86.03
2025-07-24,social,X,12322,842,839,22,349.62,61.61
2025-07-24,social,YouTube,6906,429,620,70,3043.74,34.53
2025-07-24,social,Instagram,1049,40,54,3,58.19,5.25
2025-07-24,email,Mailchimp,5140,124,221,13,753.96,25.7
2025-07-24,website,Organic,12724,705,556,62,1245.77,63.62
2025-07-24,paid,GoogleAds,1131,85,164,15,784.08,22.62
2025-07-25,social,LinkedIn,2897,36,34,2,100.88,14.48
2025-07-25,social,X,4573,53,102,11,569.6,22.87
2025-07-25,social,YouTube,15365,536,942,20,834.83,76.83
2025-07-25,social,Instagram,15793,314,173,17,742.08,78.97
2025-07-25,email,Mailchimp,16217,517,465,52,1903.34,81.09
2025-07-25,website,Organic,1648,49,90,1,48.54,8.24
2025-07-25,paid,GoogleAds,3378,247,425,8,247.0,67.56
2025-07-26,social,LinkedIn,4656,303,369,38,553.42,23.28
2025-07-26,social,X,4959,142,153,16,585.1,24.8
2025-07-26,social,YouTube,17912,1377,1505,63,2791.77,89.56
2025-07-26,social,Instagram,1062,61,77,6,350.06,5.31
2025-07-26,email,Mailchimp,6418,507,842,94,5467.9,32.09
2025-07-26,website,Organic,3689,82,69,2,119.78,18.45
2025-07-26,paid,GoogleAds,13825,1094,645,40,656.18,276.5
2025-07-27,social,LinkedIn,17257,413,394,8,161.0,86.28
2025-07-27,social,X,14547,355,417,47,1015.83,72.73
2025-07-27,social,YouTube,2345,162,260,20,608.13,11.72
2025-07-27,social,Instagram,13612,209,134,6,97.0,68.06
2025-07-27,email,Mailchimp,2596,182,114,10,116.03,12.98
2025-07-27,website,Organic,2204,133,231,18,384.69,11.02
2025-07-27,paid,GoogleAds,14789,556,502,17,905.11,295.78
2025-07-28,social,LinkedIn,15983,1203,911,42,1489.6,79.92
2025-07-28,social,X,2936,205,169,7,175.55,14.68
2025-07-28,social,YouTube,13005,721,1154,85,3953.95,65.03
2025-07-28,social,Instagram,3408,60,50,4,66.21,17.04
2025-07-28,email,Mailchimp,1654,35,25,1,28.28,8.27
2025-07-28,website,Organic,7724,338,581,51,2693.61,38.62
2025-07-28,paid,GoogleAds,5418,211,219,11,120.53,108.36
2025-07-29,social,LinkedIn,11113,685,848,17,368.29,55.56
2025-07-29,social,X,16458,691,558,56,3056.12,82.29
2025-07-29,social,YouTube,5003,380,448,53,543.8,25.02
2025-07-29,social,Instagram,7036,374,564,46,1886.6,35.18
2025-07-29,email,Mailchimp,13384,630,936,37,1431.77,66.92
2025-07-29,website,Organic,10743,164,271,10,273.13,53.72
2025-07-29,paid,GoogleAds,7563,373,728,82,4829.09,151.26
2025-07-30,social,LinkedIn,10118,764,680,52,2270.73,50.59
2025-07-30,social,X,8656,239,266,16,584.2,43.28
2025-07-30,social,YouTube,6333,123,112,9,376.72,31.66
2025-07-30,social,Instagram,7873,350,675,27,519.57,39.37
2025-07-30,email,Mailchimp,13803,212,217,23,984.56,69.02
2025-07-30,website,Organic,3874,303,180,20,217.82,19.37
2025-07-30,paid,GoogleAds,4078,204,395,37,564.3,81.56
2025-07-31,social,LinkedIn,13121,351,485,35,945.11,65.61
2025-07-31,social,X,13962,692,927,111,4956.87,69.81
2025-07-31,social,YouTube,6316,403,527,48,2011.58,31.58
2025-07-31,social,Instagram,2469,192,314,13,499.52,12.35
2025-07-31,email,Mailchimp,15402,1133,1298,86,4023.49,77.01
2025-07-31,website,Organic,3361,148,168,15,693.63,16.8
2025-07-31,paid,GoogleAds,15322,1011,905,78,2712.51,306.44
2025-08-01,social,LinkedIn,2411,99,102,2,67.01,12.05
2025-08-01,social,X,11101,343,423,11,594.98,55.51
2025-08-01,social,YouTube,15396,632,646,45,1642.75,76.98
2025-08-01,social,Instagram,13730,732,869,71,1015.44,68.65
2025-08-01,email,Mailchimp,13015,386,396,20,942.49,65.08
2025-08-01,website,Organic,17161,898,1554,54,3148.47,85.81
2025-08-01,paid,GoogleAds,13087,336,334,11,420.33,261.74
2025-08-02,social,LinkedIn,2338,128,178,18,480.97,11.69
2025-08-02,social,X,2178,131,93,11,420.52,10.89
2025-08-02,social,YouTube,11103,401,587,28,1565.44,55.52
2025-08-02,social,Instagram,13085,315,401,17,581.82,65.42
2025-08-02,email,Mailchimp,6838,301,593,18,369.35,34.19
2025-08-02,website,Organic,3462,274,344,30,683.56,17.31
2025-08-02,paid,GoogleAds,3321,60,110,6,304.26,66.42
2025-08-03,social,LinkedIn,16455,254,461,26,1367.53,82.28
2025-08-03,social,X,17268,325,567,50,1003.59,86.34
2025-08-03,social,YouTube,17297,1218,884,60,2005.77,86.48
2025-08-03,social,Instagram,4533,171,270,25,543.1,22.66
2025-08-03,email,Mailchimp,10315,724,1397,111,1389.41,51.58
2025-08-03,website,Organic,6396,472,692,56,3120.72,31.98
2025-08-03,paid,GoogleAds,16080,311,159,6,296.12,321.6
2025-08-04,social,LinkedIn,12295,388,679,77,4321.24,61.48
2025-08-04,social,X,16198,240,259,16,365.3,80.99
2025-08-04,social,YouTube,4716,92,115,13,707.69,23.58
2025-08-04,social,Instagram,15772,342,332,17,491.99,78.86
2025-08-04,email,Mailchimp,6948,159,146,17,179.97,34.74
2025-08-04,website,Organic,16831,280,455,28,1575.59,84.16
2025-08-04,paid,GoogleAds,8318,514,337,14,366.46,166.36
2025-08-05,social,LinkedIn,3494,223,434,31,461.7,17.47
2025-08-05,social,X,2122,143,98,6,202.13,10.61
2025-08-05,social,YouTube,15616,1070,685,36,514.76,78.08
2025-08-05,social,Instagram,14119,246,142,6,250.97,70.59
2025-08-05,email,Mailchimp,2537,197,353,11,545.55,12.69
2025-08-05,website,Organic,16489,1268,1096,75,1553.83,82.45
2025-08-05,paid,GoogleAds,5249,54,37,3,133.54,104.98
2025-08-06,social,LinkedIn,1320,20,15,1,20.47,6.6
2025-08-06,social,X,4648,77,77,3,177.21,23.24
2025-08-06,social,YouTube,1192,27,21,1,35.35,5.96
2025-08-06,social,Instagram,2205,39,32,2,27.95,11.03
2025-08-06,email,Mailchimp,4500,135,215,12,359.36,22.5
2025-08-06,website,Organic,16611,1286,1763,77,2947.04,83.06
2025-08-06,paid,GoogleAds,2895,103,118,9,534.24,57.9
2025-08-07,social,LinkedIn,14856,336,461,24,808.02,74.28
2025-08-07,social,X,5927,67,84,4,159.81,29.64
2025-08-07,social,YouTube,16311,1204,769,24,396.91,81.56
2025-08-07,social,Instagram,1953,92,76,7,244.85,9.77
2025-08-07,email,Mailchimp,12650,418,294,14,615.64,63.25
2025-08-07,website,Organic,13165,360,218,18,202.27,65.83
2025-08-07,paid,GoogleAds,10826,363,421,37,666.36,216.52
2025-08-08,social,LinkedIn,12960,337,213,14,690.19,64.8
2025-08-08,social,X,4835,121,107,2,83.99,24.18
2025-08-08,social,YouTube,17022,1271,1692,189,6320.85,85.11
2025-08-08,social,Instagram,17959,621,339,8,458.58,89.8
2025-08-08,email,Mailchimp,13882,140,144,5,205.89,69.41
2025-08-08,website,Organic,17686,854,885,39,702.52,88.43
2025-08-08,paid,GoogleAds,13824,167,259,20,852.43,276.48
2025-08-09,social,LinkedIn,17397,226,242,17,185.28,86.98
2025-08-09,social,X,5808,76,52,5,186.24,29.04
2025-08-09,social,YouTube,6390,150,263,31,1725.17,31.95
2025-08-09,social,Instagram,3869,111,215,13,568.35,19.34
2025-08-09,email,Mailchimp,6977,492,765,15,197.71,34.88
2025-08-09,website,Organic,15432,1100,723,56,1068.73,77.16
2025-08-09,paid,GoogleAds,11877,878,1623,147,8056.79,237.54
2025-08-10,social,LinkedIn,8080,592,978,26,1389.56,40.4
2025-08-10,social,X,13406,1012,1252,35,1582.15,67.03
2025-08-10,social,YouTube,6676,434,759,70,1200.78,33.38
2025-08-10,social,Instagram,11697,326,309,13,496.46,58.48
2025-08-10,email,Mailchimp,14775,465,608,21,521.22,73.88
2025-08-10,website,Organic,12907,723,433,20,1171.57,64.53
2025-08-10,paid,GoogleAds,9753,694,1009,30,442.44,195.06
2025-08-11,social,LinkedIn,5881,416,692,17,767.89,29.41
2025-08-11,social,X,15039,658,985,71,1359.68,75.2
2025-08-11,social,YouTube,16431,312,301,31,1190.72,82.16
2025-08-11,social,Instagram,17748,1214,1454,47,2697.62,88.74
2025-08-11,email,Mailchimp,1730,99,106,4,141.77,8.65
2025-08-11,website,Organic,3361,187,137,14,338.08,16.8
2025-08-11,paid,GoogleAds,4730,262,368,34,794.58,94.6
2025-08-12,social,LinkedIn,8308,231,257,14,193.91,41.54
2025-08-12,social,X,9733,431,568,61,822.91,48.66
2025-08-12,social,YouTube,12726,191,137,3,130.62,63.63
2025-08-12,social,Instagram,8307,549,324,7,288.51,41.54
2025-08-12,email,Mailchimp,12132,356,452,13,363.52,60.66
2025-08-12,website,Organic,3442,164,112,7,154.94,17.21
2025-08-12,paid,GoogleAds,10050,701,1260,115,4605.95,201.0
2025-08-13,social,LinkedIn,9019,133,256,21,618.38,45.09
2025-08-13,social,X,14934,473,498,49,1383.95,74.67
2025-08-13,social,YouTube,11701,290,487,36,1671.57,58.51
2025-08-13,social,Instagram,3434,152,118,10,350.19,17.17
2025-08-13,email,Mailchimp,1462,34,49,1,38.06,7.31
2025-08-13,website,Organic,17987,378,619,72,3693.79,89.94
2025-08-13,paid,GoogleAds,5430,414,652,48,2458.52,108.6
2025-08-14,social,LinkedIn,6845,484,292,19,895.64,34.23
2025-08-14,social,X,7552,229,455,11,143.91,37.76
2025-08-14,social,YouTube,11738,716,979,36,2146.34,58.69
2025-08-14,social,Instagram,12972,906,1177,97,3103.63,64.86
2025-08-14,email,Mailchimp,16078,1082,1438,122,5431.78,80.39
2025-08-14,website,Organic,5623,137,177,5,151.54,28.12
2025-08-14,paid,GoogleAds,2412,34,64,2,108.43,48.24
2025-08-15,social,LinkedIn,2480,194,257,27,948.34,12.4
2025-08-15,social,X,4556,286,329,20,602.38,22.78
2025-08-15,social,YouTube,10198,145,184,16,784.86,50.99
2025-08-15,social,Instagram,12511,294,300,16,821.76,62.55
2025-08-15,email,Mailchimp,6946,520,494,31,802.06,34.73
2025-08-15,website,Organic,4945,146,219,13,590.29,24.73
2025-08-15,paid,GoogleAds,10552,270,371,20,815.97,211.04
2025-08-16,social,LinkedIn,15060,595,561,38,1043.69,75.3
2025-08-16,social,X,7009,504,821,35,1822.94,35.05
2025-08-16,social,YouTube,9052,619,739,66,3122.52,45.26
2025-08-16,social,Instagram,9234,146,89,6,319.98,46.17
2025-08-16,email,Mailchimp,15448,954,1691,114,6458.63,77.24
2025-08-16,website,Organic,4832,264,166,16,851.38,24.16
2025-08-16,paid,GoogleAds,13226,420,835,99,1093.14,264.52
2025-08-17,social,LinkedIn,5213,75,136,5,143.67,26.07
2025-08-17,social,X,15936,1213,2131,47,774.6,79.68
2025-08-17,social,YouTube,13280,945,1345,110,3499.75,66.4
2025-08-17,social,Instagram,14920,756,1135,78,1569.3,74.6
2025-08-17,email,Mailchimp,10209,724,986,106,2618.0,51.05
2025-08-17,website,Organic,10070,130,79,8,142.37,50.35
2025-08-17,paid,GoogleAds,11670,163,119,13,623.04,233.4
2025-08-18,social,LinkedIn,7656,278,352,13,161.57,38.28
2025-08-18,social,X,8108,440,241,6,272.49,40.54
2025-08-18,social,YouTube,17282,606,770,40,2361.2,86.41
2025-08-18,social,Instagram,2223,87,109,2,108.29,11.12
2025-08-18,email,Mailchimp,12374,162,309,30,1286.69,61.87
2025-08-18,website,Organic,13400,1006,584,50,1850.48,67.0
2025-08-18,paid,GoogleAds,5397,331,246,18,195.42,107.94
2025-08-19,social,LinkedIn,1715,117,97,11,171.94,8.58
2025-08-19,social,X,15285,711,369,42,1446.5,76.42
2025-08-19,social,YouTube,2376,59,113,3,48.3,11.88
2025-08-19,social,Instagram,3461,176,210,5,163.85,17.3
2025-08-19,email,Mailchimp,13790,803,1145,104,5982.44,68.95
2025-08-19,website,Organic,10678,457,258,14,490.32,53.39
2025-08-19,paid,GoogleAds,8809,249,463,54,3104.79,176.18
2025-08-20,social,LinkedIn,12082,569,297,20,822.0,60.41
2025-08-20,social,X,15893,1195,1120,70,3635.47,79.47
2025-08-20,social,YouTube,8093,98,50,3,44.6,40.47
2025-08-20,social,Instagram,5179,83,151,6,100.2,25.89
2025-08-20,email,Mailchimp,14447,943,507,28,1307.15,72.23
2025-08-20,website,Organic,4626,221,263,16,712.0,23.13
2025-08-20,paid,GoogleAds,4654,300,349,28,411.13,93.08
2025-08-21,social,LinkedIn,16868,586,378,11,406.58,84.34
2025-08-21,social,X,7008,247,296,11,189.61,35.04
2025-08-21,social,YouTube,16378,377,378,26,1204.74,81.89
2025-08-21,social,Instagram,15706,613,1068,74,790.33,78.53
2025-08-21,email,Mailchimp,14080,361,442,40,1123.48,70.4
2025-08-21,website,Organic,17165,1098,901,49,2418.23,85.83
2025-08-21,paid,GoogleAds,10467,807,653,17,344.59,209.34
2025-08-22,social,LinkedIn,6012,449,285,9,389.53,30.06
2025-08-22,social,X,17747,579,866,33,1977.34,88.73
2025-08-22,social,YouTube,8642,591,393,33,346.85,43.21
2025-08-22,social,Instagram,3907,259,302,22,1200.68,19.54
2025-08-22,email,Mailchimp,6938,511,720,27,520.45,34.69
2025-08-22,website,Organic,5937,85,95,4,133.48,29.69
2025-08-22,paid,GoogleAds,17743,872,1409,135,3224.27,354.86
2025-08-23,social,LinkedIn,13292,378,231,20,351.87,66.46
2025-08-23,social,X,16650,1143,847,43,2255.83,83.25
2025-08-23,social,YouTube,13017,961,1288,129,2121.68,65.09
2025-08-23,social,Instagram,3408,42,69,2,95.22,17.04
2025-08-23,email,Mailchimp,1230,72,58,2,70.53,6.15
2025-08-23,website,Organic,5255,179,287,19,1107.01,26.28
2025-08-23,paid,GoogleAds,3372,74,138,15,573.74,67.44
2025-08-24,social,LinkedIn,6148,134,131,5,99.02,30.74
2025-08-24,social,X,1793,58,95,7,359.54,8.96
2025-08-24,social,YouTube,3865,136,126,6,355.63,19.32
2025-08-24,social,Instagram,14305,736,1423,65,1380.97,71.53
2025-08-24,email,Mailchimp,1523,31,53,2,28.24,7.62
2025-08-24,website,Organic,1211,52,63,5,68.24,6.05
2025-08-24,paid,GoogleAds,17718,369,688,61,2098.85,354.36
2025-08-25,social,LinkedIn,6291,164,302,17,918.14,31.46
2025-08-25,social,X,9810,281,457,53,2465.16,49.05
2025-08-25,social,YouTube,4688,277,537,35,1682.6,23.44
2025-08-25,social,Instagram,17651,1300,1864,50,2546.86,88.25
2025-08-25,email,Mailchimp,5282,165,258,27,1460.62,26.41
2025-08-25,website,Organic,3305,219,193,4,148.0,16.52
2025-08-25,paid,GoogleAds,7389,314,581,58,3463.58,147.78
2025-08-26,social,LinkedIn,11612,582,932,81,2430.93,58.06
2025-08-26,social,X,17344,802,1048,120,4173.0,86.72
2025-08-26,social,YouTube,6186,428,661,58,2059.2,30.93
2025-08-26,social,Instagram,6920,392,200,12,701.83,34.6
2025-08-26,email,Mailchimp,7740,267,158,7,229.11,38.7
2025-08-26,website,Organic,5915,72,122,12,640.87,29.57
2025-08-26,paid,GoogleAds,9425,434,500,36,1557.0,188.5
2025-08-27,social,LinkedIn,12331,711,473,9,209.07,61.66
2025-08-27,social,X,4464,69,118,8,336.49,22.32
2025-08-27,social,YouTube,7284,457,716,74,4078.14,36.42
2025-08-27,social,Instagram,2363,153,209,18,485.91,11.81
2025-08-27,email,Mailchimp,5184,365,623,39,735.65,25.92
2025-08-27,website,Organic,4019,107,129,2,24.48,20.09
2025-08-27,paid,GoogleAds,15740,892,802,76,2066.27,314.8
2025-08-28,social,LinkedIn,11336,710,968,24,883.14,56.68
2025-08-28,social,X,17767,1391,1237,142,3620.62,88.84
2025-08-28,social,YouTube,14811,1032,2020,220,10552.72,74.06
2025-08-28,social,Instagram,4932,112,222,20,706.25,24.66
2025-08-28,email,Mailchimp,4515,136,143,13,361.64,22.57
2025-08-28,website,Organic,3050,53,96,7,405.16,15.25
2025-08-28,paid,GoogleAds,11687,489,639,50,2725.82,233.74
2025-08-29,social,LinkedIn,10245,305,563,47,1737.41,51.23
2025-08-29,social,X,1912,142,97,5,276.05,9.56
2025-08-29,social,YouTube,11482,912,871,23,517.1,57.41
2025-08-29,social,Instagram,17462,1381,1934,201,7681.84,87.31
2025-08-29,email,Mailchimp,6065,410,517,58,978.08,30.32
2025-08-29,website,Organic,4380,310,568,45,1794.58,21.9
2025-08-29,paid,GoogleAds,17138,1183,1746,87,4437.2,342.76
2025-08-30,social,LinkedIn,3667,157,106,5,81.64,18.34
2025-08-30,social,X,2534,129,146,14,665.48,12.67
2025-08-30,social,YouTube,10683,609,515,34,700.34,53.41
2025-08-30,social,Instagram,6646,94,171,16,571.98,33.23
2025-08-30,email,Mailchimp,17130,1061,1408,65,1354.9,85.65
2025-08-30,website,Organic,8001,336,365,31,1580.37,40.01
2025-08-30,paid,GoogleAds,5927,146,184,14,545.57,118.54
2025-08-31,social,LinkedIn,16074,1178,2279,149,1541.67,80.37
2025-08-31,social,X,1277,82,124,3,68.86,6.38
2025-08-31,social,YouTube,11275,338,278,32,1062.11,56.38
2025-08-31,social,Instagram,9028,554,585,52,2923.97,45.14
2025-08-31,email,Mailchimp,6230,398,373,38,1372.55,31.15
2025-08-31,website,Organic,4599,304,297,10,503.21,23.0
2025-08-31,paid,GoogleAds,14615,594,619,59,1812.03,292.3
2025-09-01,social,LinkedIn,13811,1024,1689,63,1793.12,69.06
2025-09-01,social,X,1226,17,16,1,43.26,6.13
2025-09-01,social,YouTube,17154,329,486,29,648.09,85.77
2025-09-01,social,Instagram,1238,40,21,2,95.41,6.19
2025-09-01,email,Mailchimp,10628,775,677,40,403.32,53.14
2025-09-01,website,Organic,1662,80,46,2,62.34,8.31
2025-09-01,paid,GoogleAds,5746,306,448,43,920.25,114.92
2025-09-02,social,LinkedIn,6166,139,119,2,75.14,30.83
2025-09-02,social,X,3658,90,160,3,178.68,18.29
2025-09-02,social,YouTube,3869,116,226,8,136.21,19.34
2025-09-02,social,Instagram,13493,721,686,71,715.9,67.47
2025-09-02,email,Mailchimp,10401,685,688,16,239.16,52.01
2025-09-02,website,Organic,5131,233,383,15,359.46,25.66
2025-09-02,paid,GoogleAds,7931,524,814,25,407.14,158.62
2025-09-03,social,LinkedIn,2269,116,185,6,221.53,11.35
2025-09-03,social,X,1785,42,23,1,44.73,8.93
2025-09-03,social,YouTube,1304,27,45,3,161.94,6.52
2025-09-03,social,Instagram,5232,290,547,46,1646.06,26.16
2025-09-03,email,Mailchimp,17052,1320,1032,71,1447.11,85.26
2025-09-03,website,Organic,13916,167,298,29,602.5,69.58
2025-09-03,paid,GoogleAds,15956,410,520,14,291.59,319.12
2025-09-04,social,LinkedIn,4227,273,295,10,580.38,21.14
2025-09-04,social,X,17307,964,982,30,1155.59,86.53
2025-09-04,social,YouTube,14260,986,942,32,1203.83,71.3
2025-09-04,social,Instagram,5388,359,257,19,315.99,26.94
2025-09-04,email,Mailchimp,3985,113,188,18,719.08,19.93
2025-09-04,website,Organic,16952,1355,1295,77,4482.38,84.76
2025-09-04,paid,GoogleAds,10777,692,359,29,1064.55,215.54
2025-09-05,social,LinkedIn,3428,101,160,4,203.57,17.14
2025-09-05,social,X,17700,910,1693,141,6733.03,88.5
2025-09-05,social,YouTube,12223,573,978,36,1931.96,61.12
2025-09-05,social,Instagram,5680,337,642,48,2767.59,28.4
2025-09-05,email,Mailchimp,14987,921,1543,43,560.95,74.94
2025-09-05,website,Organic,4790,92,157,4,99.94,23.95
2025-09-05,paid,GoogleAds,11609,542,295,9,394.49,232.18
2025-09-06,social,LinkedIn,14263,183,250,22,1096.82,71.31
2025-09-06,social,X,2570,134,82,6,225.51,12.85
2025-09-06,social,YouTube,1879,121,80,5,139.49,9.39
2025-09-06,social,Instagram,9256,550,773,35,1114.14,46.28
2025-09-06,email,Mailchimp,13406,186,202,20,331.1,67.03
2025-09-06,website,Organic,4457,169,212,20,1012.33,22.29
2025-09-06,paid,GoogleAds,1382,50,78,3,122.56,27.64
2025-09-07,social,LinkedIn,1522,75,145,7,395.19,7.61
2025-09-07,social,X,4892,56,101,2,115.04,24.46
2025-09-07,social,YouTube,3204,243,284,29,340.51,16.02
2025-09-07,social,Instagram,11719,754,545,15,542.33,58.59
2025-09-07,email,Mailchimp,14696,331,447,52,1177.94,73.48
2025-09-07,website,Organic,11935,922,1391,89,2751.43,59.68
2025-09-07,paid,GoogleAds,16321,875,745,57,2797.87,326.42
2025-09-08,social,LinkedIn,16657,588,1066,81,4446.79,83.28
2025-09-08,social,X,15694,698,354,38,770.34,78.47
2025-09-08,social,YouTube,2400,91,175,8,374.21,12.0
2025-09-08,social,Instagram,5840,459,913,50,2893.41,29.2
2025-09-08,email,Mailchimp,5795,271,364,14,692.46,28.98
2025-09-08,website,Organic,16907,565,922,56,1511.01,84.53
2025-09-08,paid,GoogleAds,2192,106,73,4,52.49,43.84
2025-09-09,social,LinkedIn,6919,518,981,89,4688.08,34.59
2025-09-09,social,X,12861,182,256,10,208.74,64.31
2025-09-09,social,YouTube,11641,870,452,41,1603.17,58.2
2025-09-09,social,Instagram,16955,1070,1069,96,2912.84,84.78
2025-09-09,email,Mailchimp,17039,570,1134,61,3189.19,85.2
2025-09-09,website,Organic,8519,558,690,48,2504.61,42.59
2025-09-09,paid,GoogleAds,4852,190,329,28,442.66,97.04
2025-09-10,social,LinkedIn,14301,699,425,38,1058.54,71.5
2025-09-10,social,X,6498,344,654,41,969.89,32.49
2025-09-10,social,YouTube,13031,1039,735,34,1684.9,65.16
2025-09-10,social,Instagram,12016,624,619,73,1050.88,60.08
2025-09-10,email,Mailchimp,11696,200,302,32,1878.82,58.48
2025-09-10,website,Organic,2657,168,190,7,225.25,13.29
2025-09-10,paid,GoogleAds,14744,906,1234,40,971.29,294.88
2025-09-11,social,LinkedIn,3162,191,368,37,415.56,15.81
2025-09-11,social,X,5980,469,379,17,332.64,29.9
2025-09-11,social,YouTube,16280,840,1073,104,3793.97,81.4
2025-09-11,social,Instagram,11311,854,1639,33,1788.5,56.55
2025-09-11,email,Mailchimp,4477,88,142,8,415.54,22.39
2025-09-11,website,Organic,9261,714,977,77,4521.4,46.3
2025-09-11,paid,GoogleAds,12072,412,375,20,737.49,241.44
2025-09-12,social,LinkedIn,2980,167,321,25,1182.3,14.9
2025-09-12,social,X,12715,325,200,18,586.28,63.58
2025-09-12,social,YouTube,5086,54,36,2,54.05,25.43
2025-09-12,social,Instagram,12726,678,1099,111,3533.65,63.63
2025-09-12,email,Mailchimp,15787,943,796,42,549.75,78.94
2025-09-12,website,Organic,13695,422,661,27,280.63,68.48
2025-09-12,paid,GoogleAds,10027,645,641,76,3492.38,200.54
2025-09-13,social,LinkedIn,11519,638,1009,116,3999.69,57.59
2025-09-13,social,X,5264,212,193,11,400.71,26.32
2025-09-13,social,YouTube,10644,182,298,22,1225.23,53.22
2025-09-13,social,Instagram,4046,152,271,5,82.32,20.23
2025-09-13,email,Mailchimp,1600,43,38,1,58.42,8.0
2025-09-13,website,Organic,16541,169,93,10,542.84,82.7
2025-09-13,paid,GoogleAds,3273,124,165,8,172.41,65.46
2025-09-14,social,LinkedIn,5701,329,616,19,971.19,28.5
2025-09-14,social,X,11471,329,369,43,1928.82,57.36
2025-09-14,social,YouTube,13807,191,159,13,338.67,69.03
2025-09-14,social,Instagram,2081,125,126,10,468.02,10.4
2025-09-14,email,Mailchimp,13504,418,640,13,236.24,67.52
2025-09-14,website,Organic,16857,618,1023,97,2882.82,84.28
2025-09-14,paid,GoogleAds,16438,342,672,47,2186.68,328.76
2025-09-15,social,LinkedIn,14512,1100,990,82,4172.93,72.56
2025-09-15,social,X,10536,828,1143,75,857.97,52.68
2025-09-15,social,YouTube,9078,527,1008,35,748.64,45.39
2025-09-15,social,Instagram,5460,158,212,18,646.09,27.3
2025-09-15,email,Mailchimp,10065,539,337,28,957.34,50.33
2025-09-15,website,Organic,11173,844,867,91,1956.36,55.87
2025-09-15,paid,GoogleAds,1180,52,38,2,92.2,23.6
2025-09-16,social,LinkedIn,13202,234,279,11,292.18,66.01
2025-09-16,social,X,10617,307,582,28,690.84,53.09
2025-09-16,social,YouTube,2488,89,171,20,329.1,12.44
2025-09-16,social,Instagram,8370,305,382,39,1529.87,41.85
2025-09-16,email,Mailchimp,3339,191,100,6,205.09,16.7
2025-09-16,website,Organic,5651,227,237,21,1225.34,28.25
2025-09-16,paid,GoogleAds,3317,130,190,6,243.15,66.34
2025-09-17,social,LinkedIn,1685,121,85,3,165.28,8.43
2025-09-17,social,X,2365,149,89,7,78.01,11.83
2025-09-17,social,YouTube,10836,711,698,14,653.05,54.18
2025-09-17,social,Instagram,10680,380,377,38,2220.49,53.4
2025-09-17,email,Mailchimp,12961,847,676,61,2415.5,64.81
2025-09-17,website,Organic,16417,521,826,97,3245.68,82.09
2025-09-17,paid,GoogleAds,4113,156,176,17,995.23,82.26
2025-09-18,social,LinkedIn,13249,786,1368,153,8823.32,66.25
2025-09-18,social,X,13705,310,314,16,781.55,68.53
2025-09-18,social,YouTube,6096,484,465,52,560.9,30.48
2025-09-18,social,Instagram,12790,835,428,42,1132.59,63.95
2025-09-18,email,Mailchimp,3992,83,112,9,429.51,19.96
2025-09-18,website,Organic,6255,414,514,34,1163.72,31.28
2025-09-18,paid,GoogleAds,16680,557,927,53,2315.23,333.6
2025-09-19,social,LinkedIn,13366,139,214,20,307.12,66.83
2025-09-19,social,X,12511,877,1613,124,5924.87,62.55
2025-09-19,social,YouTube,10301,772,460,50,1930.53,51.51
2025-09-19,social,Instagram,12848,778,1227,116,3602.77,64.24
2025-09-19,email,Mailchimp,4864,114,150,5,266.32,24.32
2025-09-19,website,Organic,17364,735,1442,142,7133.46,86.82
2025-09-19,paid,GoogleAds,15053,1183,1703,200,11083.78,301.06
2025-09-20,social,LinkedIn,6813,181,101,8,385.59,34.06
2025-09-20,social,X,11707,363,550,31,1522.72,58.54
2025-09-20,social,YouTube,17173,875,1413,43,924.27,85.86
2025-09-20,social,Instagram,11161,811,1044,88,4534.19,55.8
2025-09-20,email,Mailchimp,13646,602,653,42,2393.61,68.23
2025-09-20,website,Organic,9021,319,360,20,542.1,45.11
2025-09-20,paid,GoogleAds,14499,352,528,20,279.76,289.98
2025-09-21,social,LinkedIn,17654,970,920,88,4725.91,88.27
2025-09-21,social,X,13514,989,1663,160,2594.74,67.57
2025-09-21,social,YouTube,17404,718,1048,40,407.46,87.02
2025-09-21,social,Instagram,12705,753,693,17,214.3,63.52
2025-09-21,email,Mailchimp,9602,500,990,113,2204.06,48.01
2025-09-21,website,Organic,13306,315,434,11,493.44,66.53
2025-09-21,paid,GoogleAds,14585,845,1117,123,1283.91,291.7
2025-09-22,social,LinkedIn,14748,783,869,96,5258.18,73.74
2025-09-22,social,X,6752,72,103,6,232.16,33.76
2025-09-22,social,YouTube,5319,231,189,7,107.34,26.59
2025-09-22,social,Instagram,4493,140,136,14,621.11,22.46
2025-09-22,email,Mailchimp,15822,478,506,42,1162.98,79.11
2025-09-22,website,Organic,5926,180,204,14,213.48,29.63
2025-09-22,paid,GoogleAds,2574,83,83,3,53.38,51.48
2025-09-23,social,LinkedIn,4224,89,99,2,28.77,21.12
2025-09-23,social,X,12530,895,493,56,3278.65,62.65
2025-09-23,social,YouTube,15854,806,1020,87,3030.32,79.27
2025-09-23,social,Instagram,14031,1052,1776,193,7365.02,70.16
2025-09-23,email,Mailchimp,12301,419,481,28,574.06,61.51
2025-09-23,website,Organic,12625,935,1484,126,2649.92,63.12
2025-09-23,paid,GoogleAds,4591,231,383,12,411.85,91.82
2025-09-24,social,LinkedIn,7144,191,277,28,956.72,35.72
2025-09-24,social,X,10931,820,1586,165,9436.42,54.66
2025-09-24,social,YouTube,10157,381,451,18,594.21,50.79
2025-09-24,social,Instagram,17056,279,304,12,627.0,85.28
2025-09-24,email,Mailchimp,10877,507,693,26,1085.01,54.38
2025-09-24,website,Organic,14045,927,1466,138,3193.09,70.23
2025-09-24,paid,GoogleAds,9221,275,441,51,2932.85,184.42
2025-09-25,social,LinkedIn,9177,408,425,11,414.93,45.88
2025-09-25,social,X,3395,61,39,3,100.49,16.98
2025-09-25,social,YouTube,15946,618,1219,130,3388.76,79.73
2025-09-25,social,Instagram,3882,161,278,25,1273.2,19.41
2025-09-25,email,Mailchimp,9286,383,221,19,999.08,46.43
2025-09-25,website,Organic,8539,570,668,23,1213.16,42.7
2025-09-25,paid,GoogleAds,4778,295,423,47,601.37,95.56
2025-09-26,social,LinkedIn,11918,886,1355,78,3729.3,59.59
2025-09-26,social,X,4285,83,63,4,131.07,21.43
2025-09-26,social,YouTube,16222,737,1319,125,3533.64,81.11
2025-09-26,social,Instagram,2857,29,51,5,299.71,14.29
2025-09-26,email,Mailchimp,6361,114,145,17,699.51,31.8
2025-09-26,website,Organic,3756,74,129,11,638.04,18.78
2025-09-26,paid,GoogleAds,5826,302,401,12,318.41,116.52
2025-09-27,social,LinkedIn,15300,188,231,7,87.67,76.5
2025-09-27,social,X,4260,51,41,1,56.47,21.3
2025-09-27,social,YouTube,11128,274,407,17,241.62,55.64
2025-09-27,social,Instagram,17974,312,326,16,918.82,89.87
2025-09-27,email,Mailchimp,14786,1101,1381,109,4520.9,73.93
2025-09-27,website,Organic,10702,163,274,21,508.06,53.51
2025-09-27,paid,GoogleAds,15062,275,270,13,199.04,301.24
2025-09-28,social,LinkedIn,13327,651,439,28,1554.27,66.64
2025-09-28,social,X,14018,887,701,20,267.44,70.09
2025-09-28,social,YouTube,4479,143,153,6,291.81,22.39
2025-09-28,social,Instagram,15034,172,321,36,1361.29,75.17
2025-09-28,email,Mailchimp,12344,894,882,19,821.46,61.72
2025-09-28,website,Organic,2276,125,213,21,866.75,11.38
2025-09-28,paid,GoogleAds,10111,189,362,31,456.41,202.22
2025-09-29,social,LinkedIn,6520,458,291,31,1270.99,32.6
2025-09-29,social,X,14365,632,793,90,2267.44,71.83
2025-09-29,social,YouTube,16665,830,1592,172,8165.22,83.33
2025-09-29,social,Instagram,2436,181,99,6,105.16,12.18
2025-09-29,email,Mailchimp,12370,261,135,8,412.53,61.85
2025-09-29,website,Organic,3534,145,189,22,1238.53,17.67
2025-09-29,paid,GoogleAds,3585,177,290,27,1238.92,71.7
2025-09-30,social,LinkedIn,12839,304,495,43,785.34,64.2
2025-09-30,social,X,10408,448,778,88,3942.72,52.04
2025-09-30,social,YouTube,3741,170,189,6,83.1,18.71
2025-09-30,social,Instagram,15949,1223,1619,120,3202.12,79.75
2025-09-30,email,Mailchimp,2283,56,106,3,124.69,11.42
2025-09-30,website,Organic,7417,177,255,19,774.94,37.09
2025-09-30,paid,GoogleAds,7064,377,412,44,1935.73,141.28
2025-10-01,social,LinkedIn,11948,445,797,62,2248.31,59.74
2025-10-01,social,X,15093,1195,2264,185,9067.17,75.47
2025-10-01,social,YouTube,10559,403,499,31,1691.55,52.8
2025-10-01,social,Instagram,14023,885,704,36,498.01,70.11
2025-10-01,email,Mailchimp,11415,391,781,56,1105.17,57.08
2025-10-01,website,Organic,11537,921,1244,30,501.59,57.69
2025-10-01,paid,GoogleAds,16984,324,599,15,191.55,339.68
2025-10-02,social,LinkedIn,10037,386,514,40,636.93,50.19
2025-10-02,social,X,11995,181,203,10,266.14,59.98
2025-10-02,social,YouTube,4080,92,109,12,224.7,20.4
2025-10-02,social,Instagram,12432,969,1820,165,4683.94,62.16
2025-10-02,email,Mailchimp,16116,298,560,66,3539.06,80.58
2025-10-02,website,Organic,14960,481,785,71,2186.06,74.8
2025-10-02,paid,GoogleAds,5982,379,706,62,1112.8,119.64
2025-10-03,social,LinkedIn,2660,72,110,11,256.24,13.3
2025-10-03,social,X,11276,644,1150,32,1497.7,56.38
2025-10-03,social,YouTube,13143,369,367,16,888.91,65.72
2025-10-03,social,Instagram,5298,386,318,22,379.57,26.49
2025-10-03,email,Mailchimp,6597,147,76,7,363.13,32.98
2025-10-03,website,Organic,16917,637,1080,80,3533.37,84.59
2025-10-03,paid,GoogleAds,3796,163,311,30,1131.1,75.92
2025-10-04,social,LinkedIn,12751,248,345,19,828.93,63.76
2025-10-04,social,X,3675,284,553,33,1960.28,18.38
2025-10-04,social,YouTube,13400,394,391,28,1463.59,67.0
2025-10-04,social,Instagram,4247,117,163,5,52.5,21.23
2025-10-04,email,Mailchimp,13503,718,1395,89,1329.71,67.52
2025-10-04,website,Organic,3848,294,295,14,240.74,19.24
2025-10-04,paid,GoogleAds,3100,118,98,2,62.86,62.0
2025-10-05,social,LinkedIn,2782,57,77,3,164.94,13.91
2025-10-05,social,X,9405,401,304,23,438.12,47.02
2025-10-05,social,YouTube,12636,513,804,77,1782.89,63.18
2025-10-05,social,Instagram,17534,399,305,33,408.5,87.67
2025-10-05,email,Mailchimp,13702,586,324,10,452.47,68.51
2025-10-05,website,Organic,6107,89,165,4,150.79,30.54
2025-10-05,paid,GoogleAds,7367,284,408,44,1141.91,147.34
2025-10-06,social,LinkedIn,2968,95,58,6,257.24,14.84
2025-10-06,social,X,12449,463,456,40,1535.97,62.25
2025-10-06,social,YouTube,10959,232,235,20,1106.85,54.8
2025-10-06,social,Instagram,16291,741,874,89,4160.8,81.45
2025-10-06,email,Mailchimp,16568,969,916,35,820.94,82.84
2025-10-06,website,Organic,14094,843,1575,96,1273.98,70.47
2025-10-06,paid,GoogleAds,6767,189,298,20,644.15,135.34
2025-10-07,social,LinkedIn,2006,152,81,4,101.94,10.03
2025-10-07,social,X,17553,1383,696,41,1503.89,87.77
2025-10-07,social,YouTube,2765,35,25,0,0.0,13.83
2025-10-07,social,Instagram,17976,660,790,38,705.38,89.88
2025-10-07,email,Mailchimp,3644,39,44,5,52.56,18.22
2025-10-07,website,Organic,1127,40,49,5,75.29,5.63
2025-10-07,paid,GoogleAds,4046,217,192,10,322.44,80.92
2025-10-08,social,LinkedIn,4257,185,111,6,305.02,21.29
2025-10-08,social,X,15230,955,1525,46,2363.38,76.15
2025-10-08,social,YouTube,5182,300,200,12,633.58,25.91
2025-10-08,social,Instagram,9595,123,125,10,304.95,47.98
2025-10-08,email,Mailchimp,13044,444,837,74,4435.18,65.22
2025-10-08,website,Organic,11969,261,327,23,1069.6,59.84
2025-10-08,paid,GoogleAds,6795,272,317,37,1794.5,135.9
2025-10-09,social,LinkedIn,17675,1355,1829,98,3679.98,88.38
2025-10-09,social,X,8296,561,757,61,1036.83,41.48
2025-10-09,social,YouTube,2482,77,126,9,234.19,12.41
2025-10-09,social,Instagram,17536,1123,1704,177,7930.76,87.68
2025-10-09,email,Mailchimp,13604,448,234,14,614.13,68.02
2025-10-09,website,Organic,17404,537,565,22,601.28,87.02
2025-10-09,paid,GoogleAds,16268,645,451,30,1763.4,325.36
2025-10-10,social,LinkedIn,15172,797,821,66,3621.53,75.86
2025-10-10,social,X,14456,146,100,6,203.07,72.28
2025-10-10,social,YouTube,15465,471,890,81,2752.36,77.33
2025-10-10,social,Instagram,2552,113,175,4,143.2,12.76
2025-10-10,email,Mailchimp,10770,589,1164,34,843.0,53.85
2025-10-10,website,Organic,4367,176,149,15,656.44,21.84
2025-10-10,paid,GoogleAds,10199,298,481,48,2391.01,203.98
2025-10-11,social,LinkedIn,1817,102,59,3,170.61,9.09
2025-10-11,social,X,17934,713,1236,90,2483.38,89.67
2025-10-11,social,YouTube,17248,1105,1543,170,2409.65,86.24
2025-10-11,social,Instagram,16321,910,469,28,1352.78,81.61
2025-10-11,email,Mailchimp,5295,362,431,43,1351.47,26.48
2025-10-11,website,Organic,5883,65,101,3,120.19,29.41
2025-10-11,paid,GoogleAds,10491,635,424,49,2322.52,209.82
2025-10-12,social,LinkedIn,7047,494,649,23,338.25,35.23
2025-10-12,social,X,8485,327,628,40,1333.96,42.43
2025-10-12,social,YouTube,5961,365,380,34,716.52,29.8
2025-10-12,social,Instagram,9691,180,249,10,319.96,48.45
2025-10-12,email,Mailchimp,7560,446,687,66,883.7,37.8
2025-10-12,website,Organic,8237,109,149,4,183.23,41.19
2025-10-12,paid,GoogleAds,15063,1133,1956,167,8578.5,301.26
2025-10-13,social,LinkedIn,17630,476,641,41,1961.25,88.15
2025-10-13,social,X,17773,314,319,37,453.1,88.86
2025-10-13,social,YouTube,10884,859,992,35,1212.3,54.42
2025-10-13,social,Instagram,17060,1120,2141,104,3297.42,85.3
2025-10-13,email,Mailchimp,7952,195,220,18,457.67,39.76
2025-10-13,website,Organic,9973,454,470,55,1436.17,49.87
2025-10-13,paid,GoogleAds,13180,985,727,16,512.16,263.6
2025-10-14,social,LinkedIn,9046,522,465,27,358.01,45.23
2025-10-14,social,X,13905,540,551,61,3641.24,69.53
2025-10-14,social,YouTube,16340,1188,1744,54,1705.5,81.7
2025-10-14,social,Instagram,8507,177,222,15,720.15,42.54
2025-10-14,email,Mailchimp,5294,162,190,22,557.18,26.47
2025-10-14,website,Organic,2131,118,118,9,279.65,10.65
2025-10-14,paid,GoogleAds,13494,821,1116,100,2949.94,269.88
2025-10-15,social,LinkedIn,5843,187,218,19,625.91,29.21
2025-10-15,social,X,16191,756,922,83,1105.92,80.95
2025-10-15,social,YouTube,5117,254,330,30,970.91,25.59
2025-10-15,social,Instagram,15052,1169,2090,127,3452.4,75.26
2025-10-15,email,Mailchimp,15220,540,445,36,1290.69,76.1
2025-10-15,website,Organic,1778,110,139,13,451.1,8.89
2025-10-15,paid,GoogleAds,8577,338,643,76,2918.51,171.54
2025-10-16,social,LinkedIn,4379,266,402,43,2067.86,21.89
2025-10-16,social,X,8670,241,378,18,715.99,43.35
2025-10-16,social,YouTube,2058,23,19,1,25.51,10.29
2025-10-16,social,Instagram,7008,433,332,8,172.51,35.04
2025-10-16,email,Mailchimp,12428,474,779,72,2044.05,62.14
2025-10-16,website,Organic,7035,142,200,16,349.17,35.18
2025-10-16,paid,GoogleAds,8841,174,340,25,1402.66,176.82
2025-10-17,social,LinkedIn,16785,419,669,54,1561.89,83.92
2025-10-17,social,X,8148,489,822,42,644.57,40.74
2025-10-17,social,YouTube,8538,679,690,26,577.28,42.69
2025-10-17,social,Instagram,17045,697,649,14,629.95,85.23
2025-10-17,email,Mailchimp,15123,799,888,80,1835.09,75.61
2025-10-17,website,Organic,16678,730,521,15,392.68,83.39
2025-10-17,paid,GoogleAds,10672,826,942,56,1179.97,213.44
2025-10-18,social,LinkedIn,3315,128,232,23,1170.69,16.57
2025-10-18,social,X,8563,201,168,10,472.32,42.81
2025-10-18,social,YouTube,13098,338,182,13,422.69,65.49
2025-10-18,social,Instagram,2788,55,91,3,150.04,13.94
2025-10-18,email,Mailchimp,15317,1141,670,53,1378.43,76.59
2025-10-18,website,Organic,15983,574,771,43,1002.36,79.92
2025-10-18,paid,GoogleAds,6341,116,130,10,115.39,126.82
2025-10-19,social,LinkedIn,6049,206,179,18,600.57,30.25
2025-10-19,social,X,5119,62,117,10,515.55,25.59
2025-10-19,social,YouTube,14823,917,915,33,1383.39,74.11
2025-10-19,social,Instagram,8080,241,446,46,2577.44,40.4
2025-10-19,email,Mailchimp,5606,395,303,29,677.67,28.03
2025-10-19,website,Organic,17391,198,257,19,391.13,86.95
2025-10-19,paid,GoogleAds,9487,625,549,14,468.87,189.74
2025-10-20,social,LinkedIn,11950,470,326,25,619.12,59.75
2025-10-20,social,X,4440,70,105,6,198.33,22.2
2025-10-20,social,YouTube,14618,1084,1113,87,1830.1,73.09
2025-10-20,social,Instagram,16242,1247,698,61,897.2,81.21
2025-10-20,email,Mailchimp,2423,191,204,21,963.14,12.12
2025-10-20,website,Organic,17246,888,1276,138,5576.69,86.23
2025-10-20,paid,GoogleAds,14429,260,470,53,2097.05,288.58
2025-10-21,social,LinkedIn,9599,465,535,19,646.53,48.0
2025-10-21,social,X,14742,1069,1365,156,4461.68,73.71
2025-10-21,social,YouTube,1612,79,112,6,302.85,8.06
2025-10-21,social,Instagram,17523,206,326,12,631.06,87.61
2025-10-21,email,Mailchimp,11722,228,292,28,593.21,58.61
2025-10-21,website,Organic,14524,202,145,11,482.08,72.62
2025-10-21,paid,GoogleAds,6881,513,411,10,368.68,137.62
2025-10-22,social,LinkedIn,12517,690,955,108,3010.78,62.59
2025-10-22,social,X,12779,382,713,32,800.94,63.9
2025-10-22,social,YouTube,7311,299,557,11,460.94,36.55
2025-10-22,social,Instagram,4036,208,209,15,641.67,20.18
2025-10-22,email,Mailchimp,1044,18,18,0,0.0,5.22
2025-10-22,website,Organic,8308,452,548,14,737.52,41.54
2025-10-22,paid,GoogleAds,16351,267,496,12,481.08,327.02
2025-10-23,social,LinkedIn,15668,948,1773,97,5602.62,78.34
2025-10-23,social,X,4815,140,232,25,517.15,24.07
2025-10-23,social,YouTube,13829,583,983,53,3161.82,69.14
2025-10-23,social,Instagram,12164,503,377,17,913.58,60.82
2025-10-23,email,Mailchimp,9564,212,373,10,316.6,47.82
2025-10-23,website,Organic,11485,116,78,8,463.45,57.43
2025-10-23,paid,GoogleAds,1655,49,93,5,141.96,33.1
2025-10-24,social,LinkedIn,10571,712,1080,52,798.38,52.86
2025-10-24,social,X,6993,119,185,21,631.82,34.97
2025-10-24,social,YouTube,8062,595,1059,78,3917.66,40.31
2025-10-24,social,Instagram,1972,44,49,1,26.3,9.86
2025-10-24,email,Mailchimp,1493,71,58,6,351.74,7.46
2025-10-24,website,Organic,2366,178,348,19,706.31,11.83
2025-10-24,paid,GoogleAds,14559,917,574,50,1295.76,291.18
2025-10-25,social,LinkedIn,7254,575,577,11,323.34,36.27
2025-10-25,social,X,4140,265,216,24,560.75,20.7
2025-10-25,social,YouTube,13372,1025,2007,153,4118.96,66.86
2025-10-25,social,Instagram,11436,699,1062,92,2689.65,57.18
2025-10-25,email,Mailchimp,14836,513,435,13,489.67,74.18
2025-10-25,website,Organic,6576,217,198,5,183.08,32.88
2025-10-25,paid,GoogleAds,17353,812,1074,64,2392.36,347.06
2025-10-26,social,LinkedIn,17789,932,599,53,881.7,88.95
2025-10-26,social,X,3252,97,54,3,115.95,16.26
2025-10-26,social,YouTube,4756,127,159,7,77.85,23.78
2025-10-26,social,Instagram,11000,633,431,32,743.56,55.0
2025-10-26,email,Mailchimp,13697,492,411,9,533.72,68.48
2025-10-26,website,Organic,4903,307,460,26,1365.25,24.52
2025-10-26,paid,GoogleAds,10982,442,672,66,3875.83,219.64
2025-10-27,social,LinkedIn,11442,715,599,31,1128.82,57.21
2025-10-27,social,X,5764,418,271,12,653.6,28.82
2025-10-27,social,YouTube,14544,552,335,8,166.93,72.72
2025-10-27,social,Instagram,2899,192,266,21,509.54,14.5
2025-10-27,email,Mailchimp,1808,70,99,9,395.37,9.04
2025-10-27,website,Organic,15224,384,244,11,460.18,76.12
2025-10-27,paid,GoogleAds,3305,168,251,17,588.4,66.1
2025-10-28,social,LinkedIn,8685,693,663,46,2701.47,43.43
2025-10-28,social,X,8577,418,399,15,461.94,42.88
2025-10-28,social,YouTube,14971,330,227,22,837.77,74.86
2025-10-28,social,Instagram,3881,66,98,8,158.12,19.41
2025-10-28,email,Mailchimp,9152,128,96,2,70.25,45.76
2025-10-28,website,Organic,1701,87,122,2,25.37,8.51
2025-10-28,paid,GoogleAds,17616,872,897,69,3098.85,352.32
2025-10-29,social,LinkedIn,12089,232,340,32,948.48,60.45
2025-10-29,social,X,3795,126,105,6,61.51,18.98
2025-10-29,social,YouTube,8843,637,690,15,303.49,44.22
2025-10-29,social,Instagram,8502,136,126,7,238.44,42.51
2025-10-29,email,Mailchimp,1829,23,17,0,0.0,9.14
2025-10-29,website,Organic,8311,415,788,72,3811.62,41.55
2025-10-29,paid,GoogleAds,17731,1002,586,29,1133.61,354.62
2025-10-30,social,LinkedIn,14633,780,804,28,748.13,73.17
2025-10-30,social,X,10792,299,459,53,558.19,53.96
2025-10-30,social,YouTube,4993,131,243,24,1377.67,24.96
2025-10-30,social,Instagram,13545,947,756,44,2524.74,67.72
2025-10-30,email,Mailchimp,15333,1194,2377,263,9065.83,76.67
2025-10-30,website,Organic,17413,1280,1467,164,8177.53,87.06
2025-10-30,paid,GoogleAds,10306,471,893,106,2206.72,206.12
2025-10-31,social,LinkedIn,7346,109,160,7,249.5,36.73
2025-10-31,social,X,11466,519,840,74,2372.91,57.33
2025-10-31,social,YouTube,17787,336,289,15,417.79,88.94
2025-10-31,social,Instagram,11181,300,256,27,1325.68,55.91
2025-10-31,email,Mailchimp,6900,445,352,24,1240.72,34.5
2025-10-31,website,Organic,3052,79,96,7,73.87,15.26
2025-10-31,paid,GoogleAds,8981,343,495,36,857.27,179.62
2025-11-01,social,LinkedIn,7057,331,337,9,423.9,35.29
2025-11-01,social,X,10871,439,726,74,3298.88,54.36
2025-11-01,social,YouTube,8480,658,368,42,1369.77,42.4
2025-11-01,social,Instagram,4227,296,551,52,1377.06,21.14
2025-11-01,email,Mailchimp,8907,323,293,29,1219.11,44.54
2025-11-01,website,Organic,10782,428,733,73,2674.29,53.91
2025-11-01,paid,GoogleAds,4801,305,434,51,2282.54,96.02
2025-11-02,social,LinkedIn,16200,662,1310,139,2341.51,81.0
2025-11-02,social,X,17947,1207,2351,208,7330.05,89.73
2025-11-02,social,YouTube,13941,904,1501,64,645.99,69.7
2025-11-02,social,Instagram,10192,375,344,8,392.14,50.96
2025-11-02,email,Mailchimp,15017,174,127,9,510.72,75.09
2025-11-02,website,Organic,1610,47,75,7,301.08,8.05
2025-11-02,paid,GoogleAds,6292,172,260,20,1166.86,125.84
2025-11-03,social,LinkedIn,17883,765,620,19,274.72,89.42
2025-11-03,social,X,4981,276,201,7,379.46,24.91
2025-11-03,social,YouTube,16182,901,1800,150,8055.89,80.91
2025-11-03,social,Instagram,14686,760,828,48,986.97,73.43
2025-11-03,email,Mailchimp,7897,237,182,7,282.19,39.48
2025-11-03,website,Organic,15839,438,480,38,1632.96,79.2
2025-11-03,paid,GoogleAds,15271,923,1096,65,1382.17,305.42
2025-11-04,social,LinkedIn,5999,254,210,14,833.24,30.0
2025-11-04,social,X,4619,102,143,7,303.05,23.09
2025-11-04,social,YouTube,14255,470,667,43,2423.24,71.28
2025-11-04,social,Instagram,12223,812,574,67,3732.64,61.12
2025-11-04,email,Mailchimp,12983,515,769,57,2477.32,64.92
2025-11-04,website,Organic,16124,708,818,62,980.36,80.62
2025-11-04,paid,GoogleAds,16420,619,835,23,998.98,328.4
2025-11-05,social,LinkedIn,17846,835,1042,90,2797.32,89.23
2025-11-05,social,X,8014,207,326,37,1367.18,40.07
2025-11-05,social,YouTube,12822,486,492,21,1041.27,64.11
2025-11-05,social,Instagram,2318,68,91,6,99.46,11.59
2025-11-05,email,Mailchimp,10244,812,1514,167,3856.31,51.22
2025-11-05,website,Organic,4594,150,94,9,338.87,22.97
2025-11-05,paid,GoogleAds,13887,824,478,13,694.13,277.74
2025-11-06,social,LinkedIn,17890,442,714,70,2801.9,89.45
2025-11-06,social,X,5541,329,354,23,589.93,27.71
2025-11-06,social,YouTube,8440,302,309,34,857.02,42.2
2025-11-06,social,Instagram,10663,389,521,52,2283.48,53.31
2025-11-06,email,Mailchimp,6130,472,604,49,1577.63,30.65
2025-11-06,website,Organic,6025,330,180,10,449.01,30.12
2025-11-06,paid,GoogleAds,2981,204,401,21,1163.26,59.62
2025-11-07,social,LinkedIn,1080,76,54,1,59.49,5.4
2025-11-07,social,X,3353,265,306,19,237.88,16.77
2025-11-07,social,YouTube,14311,161,154,17,404.6,71.56
2025-11-07,social,Instagram,10476,319,449,38,1234.92,52.38
2025-11-07,email,Mailchimp,10949,619,335,8,228.78,54.75
2025-11-07,website,Organic,14619,290,163,17,328.11,73.09
2025-11-07,paid,GoogleAds,2792,61,52,5,192.3,55.84
2025-11-08,social,LinkedIn,9896,553,513,36,958.45,49.48
2025-11-08,social,X,14889,262,376,7,392.96,74.45
2025-11-08,social,YouTube,7857,290,258,18,184.64,39.29
2025-11-08,social,Instagram,8550,551,973,114,3735.24,42.75
2025-11-08,email,Mailchimp,15158,524,488,34,1994.36,75.79
2025-11-08,website,Organic,2823,130,140,4,129.44,14.12
2025-11-08,paid,GoogleAds,3604,161,155,10,102.32,72.08
2025-11-09,social,LinkedIn,4214,67,57,6,338.9,21.07
2025-11-09,social,X,2775,34,64,2,116.23,13.88
2025-11-09,social,YouTube,15210,798,908,33,1817.39,76.05
2025-11-09,social,Instagram,11403,744,1191,104,1705.66,57.02
2025-11-09,email,Mailchimp,14408,378,632,16,228.82,72.04
2025-11-09,website,Organic,4198,120,89,10,410.12,20.99
2025-11-09,paid,GoogleAds,9965,708,421,24,502.72,199.3
2025-11-10,social,LinkedIn,13922,801,1167,100,1812.5,69.61
2025-11-10,social,X,15063,947,547,50,1671.3,75.31
2025-11-10,social,YouTube,8406,217,370,10,557.1,42.03
2025-11-10,social,Instagram,12895,150,110,12,611.44,64.47
2025-11-10,email,Mailchimp,10565,201,231,10,214.84,52.83
2025-11-10,website,Organic,14592,386,440,36,1475.39,72.96
2025-11-10,paid,GoogleAds,8051,321,489,27,617.69,161.02
2025-11-11,social,LinkedIn,8633,143,125,8,473.89,43.16
2025-11-11,social,X,1274,23,12,1,39.23,6.37
2025-11-11,social,YouTube,17378,873,677,14,399.18,86.89
2025-11-11,social,Instagram,3434,264,163,16,869.55,17.17
2025-11-11,email,Mailchimp,17802,1038,2013,99,3663.72,89.01
2025-11-11,website,Organic,16935,802,1488,49,2295.0,84.67
2025-11-11,paid,GoogleAds,4932,165,197,19,432.93,98.64
2025-11-12,social,LinkedIn,13177,630,1073,46,1938.33,65.89
2025-11-12,social,X,3049,193,216,9,263.7,15.25
2025-11-12,social,YouTube,5502,61,53,3,177.1,27.51
2025-11-12,social,Instagram,6281,370,325,31,1857.19,31.41
2025-11-12,email,Mailchimp,5887,208,240,21,712.23,29.44
2025-11-12,website,Organic,11822,835,956,35,527.09,59.11
2025-11-12,paid,GoogleAds,6490,223,279,8,222.07,129.8
2025-11-13,social,LinkedIn,17563,443,224,12,347.21,87.81
2025-11-13,social,X,5233,272,338,9,503.9,26.16
2025-11-13,social,YouTube,11118,523,400,19,304.5,55.59
2025-11-13,social,Instagram,7300,147,222,22,714.28,36.5
2025-11-13,email,Mailchimp,3148,104,179,15,208.4,15.74
2025-11-13,website,Organic,5611,405,397,37,1335.67,28.05
2025-11-13,paid,GoogleAds,11662,190,111,12,287.67,233.24
2025-11-14,social,LinkedIn,13835,879,1280,147,8486.65,69.17
2025-11-14,social,X,17228,1145,816,37,1685.23,86.14
2025-11-14,social,YouTube,17635,1240,2059,109,2023.79,88.17
2025-11-14,social,Instagram,4635,221,278,26,1258.86,23.18
2025-11-14,email,Mailchimp,5125,272,160,17,769.09,25.62
2025-11-14,website,Organic,11224,593,871,94,4446.77,56.12
2025-11-14,paid,GoogleAds,4599,58,31,2,104.7,91.98
2025-11-15,social,LinkedIn,13665,175,340,14,400.8,68.33
2025-11-15,social,X,9697,185,148,6,283.63,48.48
2025-11-15,social,YouTube,9219,645,439,24,944.52,46.09
2025-11-15,social,Instagram,15125,299,543,12,370.02,75.62
2025-11-15,email,Mailchimp,13407,556,1021,79,3673.03,67.03
2025-11-15,website,Organic,10012,394,713,79,4177.34,50.06
2025-11-15,paid,GoogleAds,5963,296,375,34,1362.56,119.26
2025-11-16,social,LinkedIn,6904,419,338,35,689.1,34.52
2025-11-16,social,X,10379,454,569,30,1692.95,51.9
2025-11-16,social,YouTube,6281,435,646,72,1799.85,31.41
2025-11-16,social,Instagram,11703,841,1301,135,5629.76,58.52
2025-11-16,email,Mailchimp,7300,462,458,21,580.71,36.5
2025-11-16,website,Organic,13020,406,348,36,687.57,65.1
2025-11-16,paid,GoogleAds,14093,334,337,39,634.41,281.86
2025-11-17,social,LinkedIn,10004,264,302,13,719.91,50.02
2025-11-17,social,X,11778,572,949,41,1567.2,58.89
2025-11-17,social,YouTube,10193,754,1218,31,1462.65,50.97
2025-11-17,social,Instagram,13478,790,427,47,481.61,67.39
2025-11-17,email,Mailchimp,7051,106,156,4,87.84,35.26
2025-11-17,website,Organic,2585,200,140,10,182.01,12.93
2025-11-17,paid,GoogleAds,9256,273,463,43,1813.68,185.12
2025-11-18,social,LinkedIn,12913,255,444,49,1791.18,64.56
2025-11-18,social,X,7134,198,166,15,179.58,35.67
2025-11-18,social,YouTube,10189,754,1492,137,6291.92,50.95
2025-11-18,social,Instagram,12170,383,208,22,1110.53,60.85
2025-11-18,email,Mailchimp,15120,374,722,60,695.36,75.6
2025-11-18,website,Organic,7031,233,459,50,599.94,35.16
2025-11-18,paid,GoogleAds,7995,308,382,42,1795.4,159.9
2025-11-19,social,LinkedIn,5228,265,187,18,586.52,26.14
2025-11-19,social,X,6234,146,152,15,399.35,31.17
2025-11-19,social,YouTube,3352,112,161,7,323.06,16.76
2025-11-19,social,Instagram,10287,666,937,28,1491.97,51.44
2025-11-19,email,Mailchimp,6672,491,669,53,2076.5,33.36
2025-11-19,website,Organic,4016,105,130,2,55.22,20.08
2025-11-19,paid,GoogleAds,9532,545,544,34,852.53,190.64
2025-11-20,social,LinkedIn,1134,28,41,2,24.84,5.67
2025-11-20,social,X,4457,88,59,1,47.84,22.29
2025-11-20,social,YouTube,3344,189,315,32,1272.63,16.72
2025-11-20,social,Instagram,6291,205,288,21,799.37,31.46
2025-11-20,email,Mailchimp,10577,839,961,48,2441.98,52.88
2025-11-20,website,Organic,10166,238,329,13,172.11,50.83
2025-11-20,paid,GoogleAds,8218,550,812,56,2188.02,164.36
2025-11-21,social,LinkedIn,12721,897,1610,44,491.75,63.61
2025-11-21,social,X,7779,281,286,25,913.34,38.9
2025-11-21,social,YouTube,11791,150,144,17,379.14,58.95
2025-11-21,social,Instagram,2256,50,71,3,37.28,11.28
2025-11-21,email,Mailchimp,11684,527,472,14,433.28,58.42
2025-11-21,website,Organic,5533,267,347,38,1769.62,27.66
2025-11-21,paid,GoogleAds,2465,184,307,36,899.6,49.3
2025-11-22,social,LinkedIn,16853,776,1004,51,2039.81,84.27
2025-11-22,social,X,17864,459,575,37,1185.89,89.32
2025-11-22,social,YouTube,8987,541,838,49,1232.94,44.94
2025-11-22,social,Instagram,13511,564,723,30,1636.26,67.56
2025-11-22,email,Mailchimp,14775,687,496,58,2843.72,73.88
2025-11-22,website,Organic,1952,85,96,9,281.22,9.76
2025-11-22,paid,GoogleAds,7635,237,140,15,299.67,152.7
2025-11-23,social,LinkedIn,12440,321,514,16,925.03,62.2
2025-11-23,social,X,6555,421,655,53,991.86,32.77
2025-11-23,social,YouTube,17431,191,189,20,909.76,87.16
2025-11-23,social,Instagram,6588,273,199,21,486.72,32.94
2025-11-23,email,Mailchimp,6341,240,372,33,1760.11,31.71
2025-11-23,website,Organic,1743,50,43,1,26.5,8.71
2025-11-23,paid,GoogleAds,4367,47,82,2,38.26,87.34
2025-11-24,social,LinkedIn,12893,952,825,79,1598.58,64.47
2025-11-24,social,X,9867,287,283,12,483.35,49.34
2025-11-24,social,YouTube,9481,569,477,15,536.51,47.41
2025-11-24,social,Instagram,14097,1054,1977,214,7996.09,70.48
2025-11-24,email,Mailchimp,1978,107,163,13,463.63,9.89
2025-11-24,website,Organic,7440,139,276,30,946.84,37.2
2025-11-24,paid,GoogleAds,6452,234,461,27,1355.38,129.04
2025-11-25,social,LinkedIn,5074,303,153,3,99.79,25.37
2025-11-25,social,X,2020,76,111,6,318.35,10.1
2025-11-25,social,YouTube,6079,61,88,9,328.9,30.39
2025-11-25,social,Instagram,9429,183,292,22,1250.55,47.15
2025-11-25,email,Mailchimp,3885,232,448,42,2454.77,19.43
2025-11-25,website,Organic,12450,875,1058,55,3245.23,62.25
2025-11-25,paid,GoogleAds,3756,152,170,19,382.43,75.12
2025-11-26,social,LinkedIn,6451,177,156,9,338.22,32.26
2025-11-26,social,X,16080,1226,2125,110,1754.0,80.4
2025-11-26,social,YouTube,15465,675,1253,106,6073.77,77.33
2025-11-26,social,Instagram,16721,745,396,10,388.1,83.61
2025-11-26,email,Mailchimp,11868,353,415,36,813.07,59.34
2025-11-26,website,Organic,5184,271,201,17,217.66,25.92
2025-11-26,paid,GoogleAds,17836,273,476,24,738.69,356.72
2025-11-27,social,LinkedIn,12270,884,802,52,2528.69,61.35
2025-11-27,social,X,3827,78,40,1,29.03,19.14
2025-11-27,social,YouTube,15768,1113,1927,216,12749.55,78.84
2025-11-27,social,Instagram,11509,904,1187,137,6105.93,57.55
2025-11-27,email,Mailchimp,13690,897,605,66,2409.71,68.45
2025-11-27,website,Organic,10743,260,284,15,734.36,53.72
2025-11-27,paid,GoogleAds,9170,731,951,38,726.53,183.4
2025-11-28,social,LinkedIn,7661,590,776,64,1406.58,38.3
2025-11-28,social,X,14680,183,212,7,237.58,73.4
2025-11-28,social,YouTube,15115,594,447,11,159.75,75.58
2025-11-28,social,Instagram,1158,28,24,1,19.97,5.79
2025-11-28,email,Mailchimp,11033,726,954,75,2716.54,55.16
2025-11-28,website,Organic,12362,258,184,7,185.81,61.81
2025-11-28,paid,GoogleAds,4365,347,259,7,238.36,87.3
2025-11-29,social,LinkedIn,17291,993,1366,64,1667.55,86.45
2025-11-29,social,X,9852,127,195,11,269.97,49.26
2025-11-29,social,YouTube,3740,89,124,5,108.41,18.7
2025-11-29,social,Instagram,2386,164,143,6,326.01,11.93
2025-11-29,email,Mailchimp,8758,108,182,20,472.13,43.79
2025-11-29,website,Organic,3913,301,540,60,2721.02,19.57
2025-11-29,paid,GoogleAds,8340,486,524,21,773.79,166.8
2025-11-30,social,LinkedIn,5564,428,366,42,995.01,27.82
2025-11-30,social,X,6870,356,308,29,1692.6,34.35
2025-11-30,social,YouTube,16794,685,533,36,1338.61,83.97
2025-11-30,social,Instagram,8611,534,703,26,857.01,43.05
2025-11-30,email,Mailchimp,7429,452,373,15,418.24,37.15
2025-11-30,website,Organic,13241,880,1024,91,4057.89,66.2
2025-11-30,paid,GoogleAds,15401,698,1001,90,2601.39,308.02
2025-12-01,social,LinkedIn,9225,329,498,37,1945.87,46.12
2025-12-01,social,X,8877,329,350,14,332.19,44.38
2025-12-01,social,YouTube,1208,34,56,5,114.92,6.04
2025-12-01,social,Instagram,12270,310,330,19,259.13,61.35
2025-12-01,email,Mailchimp,15546,450,459,19,962.17,77.73
2025-12-01,website,Organic,13505,513,687,78,1932.4,67.53
2025-12-01,paid,GoogleAds,1258,88,165,5,114.8,25.16
2025-12-02,social,LinkedIn,4249,85,44,5,282.51,21.25
2025-12-02,social,X,17011,873,627,36,618.51,85.06
2025-12-02,social,YouTube,10160,127,213,25,1084.96,50.8
2025-12-02,social,Instagram,13401,436,413,39,419.33,67.0
2025-12-02,email,Mailchimp,10633,818,1188,29,339.0,53.16
2025-12-02,website,Organic,1801,41,46,3,131.26,9.01
2025-12-02,paid,GoogleAds,10433,759,836,72,3401.04,208.66
2025-12-03,social,LinkedIn,6725,435,841,37,1615.06,33.62
2025-12-03,social,X,7863,606,796,33,835.77,39.31
2025-12-03,social,YouTube,1769,55,103,12,574.49,8.85
2025-12-03,social,Instagram,12552,299,563,40,1009.76,62.76
2025-12-03,email,Mailchimp,11968,402,768,85,4659.2,59.84
2025-12-03,website,Organic,16987,875,655,31,449.77,84.94
2025-12-03,paid,GoogleAds,1992,152,297,33,491.37,39.84
2025-12-04,social,LinkedIn,15488,365,702,26,1318.93,77.44
2025-12-04,social,X,3757,183,159,11,576.76,18.79
2025-12-04,social,YouTube,10867,643,1086,41,572.16,54.34
2025-12-04,social,Instagram,5821,380,229,8,343.45,29.11
2025-12-04,email,Mailchimp,6600,394,501,26,476.67,33.0
2025-12-04,website,Organic,13502,647,1145,23,637.98,67.51
2025-12-04,paid,GoogleAds,3360,141,98,8,259.27,67.2
2025-12-05,social,LinkedIn,7605,481,479,57,2671.5,38.02
2025-12-05,social,X,4190,142,113,9,472.95,20.95
2025-12-05,social,YouTube,6472,301,199,20,518.96,32.36
2025-12-05,social,Instagram,1465,116,62,3,60.31,7.33
2025-12-05,email,Mailchimp,6457,109,188,21,567.17,32.29
2025-12-05,website,Organic,7461,439,785,91,2425.78,37.3
2025-12-05,paid,GoogleAds,6809,306,546,50,2605.71,136.18
2025-12-06,social,LinkedIn,17591,1147,776,25,401.4,87.95
2025-12-06,social,X,12860,415,505,19,956.26,64.3
2025-12-06,social,YouTube,5770,291,324,18,418.49,28.85
2025-12-06,social,Instagram,1167,43,69,3,132.94,5.83
2025-12-06,email,Mailchimp,3754,153,170,6,132.78,18.77
2025-12-06,website,Organic,14240,522,406,24,1336.22,71.2
2025-12-06,paid,GoogleAds,2348,94,173,18,439.38,46.96
2025-12-07,social,LinkedIn,15926,574,808,90,3135.79,79.63
2025-12-07,social,X,1397,66,95,9,185.11,6.99
2025-12-07,social,YouTube,6269,282,341,17,215.98,31.35
2025-12-07,social,Instagram,11622,190,345,11,179.89,58.11
2025-12-07,email,Mailchimp,7366,347,542,11,383.79,36.83
2025-12-07,website,Organic,14142,824,1447,124,2630.74,70.71
2025-12-07,paid,GoogleAds,16276,1023,1258,141,1753.85,325.52
2025-12-08,social,LinkedIn,7971,279,366,36,660.9,39.86
2025-12-08,social,X,17253,229,332,9,353.43,86.27
2025-12-08,social,YouTube,15767,628,427,48,1696.4,78.84
2025-12-08,social,Instagram,10234,297,354,15,592.25,51.17
2025-12-08,email,Mailchimp,13750,689,948,48,2765.73,68.75
2025-12-08,website,Organic,1638,86,71,4,49.32,8.19
2025-12-08,paid,GoogleAds,9071,295,406,40,890.79,181.42
2025-12-09,social,LinkedIn,12902,686,1248,137,3534.01,64.51
2025-12-09,social,X,14428,463,706,25,1047.16,72.14
2025-12-09,social,YouTube,10845,823,1399,167,5914.62,54.23
2025-12-09,social,Instagram,4785,130,248,22,620.04,23.93
2025-12-09,email,Mailchimp,12761,231,461,13,543.09,63.8
2025-12-09,website,Organic,5102,325,289,17,172.36,25.51
2025-12-09,paid,GoogleAds,17422,361,356,8,160.51,348.44
2025-12-10,social,LinkedIn,17252,1005,1952,104,1447.23,86.26
2025-12-10,social,X,11302,313,311,16,957.77,56.51
2025-12-10,social,YouTube,13974,919,790,42,1984.95,69.87
2025-12-10,social,Instagram,7785,335,547,32,1563.44,38.93
2025-12-10,email,Mailchimp,10284,128,178,13,432.51,51.42
2025-12-10,website,Organic,14088,364,302,31,1240.2,70.44
2025-12-10,paid,GoogleAds,6657,219,289,31,1493.32,133.14
2025-12-11,social,LinkedIn,10606,680,606,65,664.75,53.03
2025-12-11,social,X,6569,331,297,12,454.87,32.84
2025-12-11,social,YouTube,17688,505,826,29,393.99,88.44
2025-12-11,social,Instagram,13347,678,351,11,586.54,66.73
2025-12-11,email,Mailchimp,5458,177,228,25,853.3,27.29
2025-12-11,website,Organic,12345,914,1820,162,2539.56,61.73
2025-12-11,paid,GoogleAds,8722,376,535,29,1356.0,174.44
2025-12-12,social,LinkedIn,3055,169,314,20,529.22,15.28
2025-12-12,social,X,15063,392,398,36,1074.34,75.31
2025-12-12,social,YouTube,14540,377,544,36,365.11,72.7
2025-12-12,social,Instagram,2910,192,380,43,1939.84,14.55
2025-12-12,email,Mailchimp,16295,757,505,13,420.83,81.48
2025-12-12,website,Organic,13570,246,346,31,1502.43,67.85
2025-12-12,paid,GoogleAds,5999,110,138,7,378.79,119.98
2025-12-13,social,LinkedIn,15101,1131,1635,75,2858.81,75.5
2025-12-13,social,X,1407,48,70,5,277.18,7.04
2025-12-13,social,YouTube,8447,440,674,34,522.58,42.23
2025-12-13,social,Instagram,14940,382,746,31,1698.18,74.7
2025-12-13,email,Mailchimp,11924,368,555,31,765.23,59.62
2025-12-13,website,Organic,4309,60,39,2,33.06,21.55
2025-12-13,paid,GoogleAds,10302,330,498,32,1631.65,206.04
2025-12-14,social,LinkedIn,9476,267,509,37,442.71,47.38
2025-12-14,social,X,16834,1289,1679,174,10353.54,84.17
2025-12-14,social,YouTube,3997,105,120,6,246.1,19.98
2025-12-14,social,Instagram,17648,651,1194,115,4011.11,88.24
2025-12-14,email,Mailchimp,10205,432,606,37,2179.56,51.02
2025-12-14,website,Organic,9181,212,274,7,175.68,45.91
2025-12-14,paid,GoogleAds,1708,35,44,1,54.1,34.16
2025-12-15,social,LinkedIn,7926,150,299,33,663.22,39.63
2025-12-15,social,X,12574,187,366,32,379.13,62.87
2025-12-15,social,YouTube,5535,210,304,35,1174.51,27.68
2025-12-15,social,Instagram,15716,515,882,18,670.37,78.58
2025-12-15,email,Mailchimp,13757,635,359,36,1805.08,68.78
2025-12-15,website,Organic,14700,278,337,36,1365.64,73.5
2025-12-15,paid,GoogleAds,16063,1003,1459,131,3058.68,321.26
2025-12-16,social,LinkedIn,3991,239,125,13,177.78,19.96
2025-12-16,social,X,4665,317,258,27,783.97,23.32
2025-12-16,social,YouTube,8793,558,1043,124,4489.25,43.97
2025-12-16,social,Instagram,1404,85,143,16,683.67,7.02
2025-12-16,email,Mailchimp,12487,205,347,38,1187.21,62.44
2025-12-16,website,Organic,1628,70,81,1,26.21,8.14
2025-12-16,paid,GoogleAds,16819,856,1273,60,1496.15,336.38
2025-12-17,social,LinkedIn,9211,682,458,36,1235.52,46.05
2025-12-17,social,X,2756,91,148,5,280.18,13.78
2025-12-17,social,YouTube,10504,153,217,17,331.19,52.52
2025-12-17,social,Instagram,14899,1078,1536,110,5223.43,74.5
2025-12-17,email,Mailchimp,15872,293,451,17,809.0,79.36
2025-12-17,website,Organic,13591,969,673,16,635.29,67.95
2025-12-17,paid,GoogleAds,13413,396,766,31,1682.78,268.26
2025-12-18,social,LinkedIn,5006,277,359,30,1294.97,25.03
2025-12-18,social,X,14109,813,1212,100,1560.72,70.55
2025-12-18,social,YouTube,7535,564,838,71,1954.25,37.68
2025-12-18,social,Instagram,17959,342,625,43,1405.01,89.8
2025-12-18,email,Mailchimp,9499,455,907,29,382.37,47.49
2025-12-18,website,Organic,12116,313,263,31,1130.12,60.58
2025-12-18,paid,GoogleAds,10601,469,829,46,2159.65,212.02
2025-12-19,social,LinkedIn,15227,1193,1911,106,1636.91,76.14
2025-12-19,social,X,1417,102,65,6,225.42,7.08
2025-12-19,social,YouTube,9795,399,460,9,349.28,48.98
2025-12-19,social,Instagram,8821,423,757,33,1956.88,44.11
2025-12-19,email,Mailchimp,5357,356,559,63,2441.49,26.79
2025-12-19,website,Organic,12804,414,622,54,606.22,64.02
2025-12-19,paid,GoogleAds,2486,80,138,2,70.2,49.72
2025-12-20,social,LinkedIn,17633,1160,1147,99,3357.08,88.17
2025-12-20,social,X,2848,62,112,5,73.6,14.24
2025-12-20,social,YouTube,5927,449,604,55,2056.5,29.64
2025-12-20,social,Instagram,13277,786,1015,32,1072.18,66.39
2025-12-20,email,Mailchimp,4839,343,339,12,230.19,24.2
2025-12-20,website,Organic,15709,1231,1351,123,4069.74,78.55
2025-12-20,paid,GoogleAds,7678,393,379,40,1751.59,153.56
2025-12-21,social,LinkedIn,1484,24,25,2,23.31,7.42
2025-12-21,social,X,7300,568,556,21,375.64,36.5
2025-12-21,social,YouTube,15928,1070,855,23,916.25,79.64
2025-12-21,social,Instagram,4119,110,166,16,697.53,20.59
2025-12-21,email,Mailchimp,11753,539,875,20,904.52,58.77
2025-12-21,website,Organic,5048,385,245,20,432.92,25.24
2025-12-21,paid,GoogleAds,10812,224,233,27,724.71,216.24
2025-12-22,social,LinkedIn,11897,564,344,39,2268.66,59.48
2025-12-22,social,X,9358,651,1291,120,6351.0,46.79
2025-12-22,social,YouTube,10999,429,450,43,1780.22,55.0
2025-12-22,social,Instagram,3862,237,443,43,1072.26,19.31
2025-12-22,email,Mailchimp,2810,125,84,8,250.45,14.05
2025-12-22,website,Organic,11402,466,899,89,3431.99,57.01
2025-12-22,paid,GoogleAds,2586,52,86,6,156.45,51.72
2025-12-23,social,LinkedIn,5158,320,509,52,527.66,25.79
2025-12-23,social,X,6015,475,375,28,959.21,30.07
2025-12-23,social,YouTube,11998,255,507,13,733.68,59.99
2025-12-23,social,Instagram,9658,433,540,14,438.73,48.29
2025-12-23,email,Mailchimp,12038,957,570,48,592.31,60.19
2025-12-23,website,Organic,17548,423,651,54,1095.46,87.74
2025-12-23,paid,GoogleAds,16132,220,317,24,658.3,322.64
2025-12-24,social,LinkedIn,11446,892,1170,70,2499.84,57.23
2025-12-24,social,X,5724,378,733,63,3439.81,28.62
2025-12-24,social,YouTube,7516,139,215,4,214.08,37.58
2025-12-24,social,Instagram,3123,205,235,20,704.34,15.62
2025-12-24,email,Mailchimp,15244,314,494,31,569.58,76.22
2025-12-24,website,Organic,16139,733,1407,52,622.07,80.7
2025-12-24,paid,GoogleAds,3591,257,311,13,683.23,71.82
2025-12-25,social,LinkedIn,4549,280,371,12,407.19,22.75
2025-12-25,social,X,5231,363,267,29,503.76,26.16
2025-12-25,social,YouTube,17242,235,349,25,995.77,86.21
2025-12-25,social,Instagram,8431,378,650,30,993.6,42.16
2025-12-25,email,Mailchimp,2784,222,350,23,479.97,13.92
2025-12-25,website,Organic,17053,839,1664,180,8538.79,85.27
2025-12-25,paid,GoogleAds,6501,111,90,9,333.25,130.02
2025-12-26,social,LinkedIn,3915,66,54,5,241.85,19.57
2025-12-26,social,X,13318,476,907,31,662.82,66.59
2025-12-26,social,YouTube,15450,993,1403,48,1708.97,77.25
2025-12-26,social,Instagram,11599,696,718,44,2229.42,58.0
2025-12-26,email,Mailchimp,6516,134,236,23,1124.29,32.58
2025-12-26,website,Organic,3999,269,485,28,1638.12,20.0
2025-12-26,paid,GoogleAds,17851,1344,1531,65,2191.47,357.02
2025-12-27,social,LinkedIn,10879,482,836,34,588.7,54.4
2025-12-27,social,X,13240,682,363,25,1333.85,66.2
2025-12-27,social,YouTube,16126,882,1757,41,1281.76,80.63
2025-12-27,social,Instagram,7475,319,555,38,893.14,37.38
2025-12-27,email,Mailchimp,14050,157,223,11,249.08,70.25
2025-12-27,website,Organic,1633,88,72,6,82.53,8.17
2025-12-27,paid,GoogleAds,2807,69,91,8,338.46,56.14
2025-12-28,social,LinkedIn,6844,322,419,47,2741.82,34.22
2025-12-28,social,X,15283,437,271,21,891.04,76.42
2025-12-28,social,YouTube,9130,680,972,27,991.41,45.65
2025-12-28,social,Instagram,5215,416,368,33,776.69,26.07
2025-12-28,email,Mailchimp,7367,155,293,31,1066.92,36.84
2025-12-28,website,Organic,2712,93,114,2,78.01,13.56
2025-12-28,paid,GoogleAds,10010,598,330,16,367.72,200.2
2025-12-29,social,LinkedIn,1699,106,132,4,93.59,8.5
2025-12-29,social,X,15861,986,1021,98,3836.54,79.31
2025-12-29,social,YouTube,9334,480,633,25,855.15,46.67
2025-12-29,social,Instagram,3510,237,328,14,347.44,17.55
2025-12-29,email,Mailchimp,9952,397,548,12,569.26,49.76
2025-12-29,website,Organic,3556,85,143,14,201.2,17.78
2025-12-29,paid,GoogleAds,6319,259,386,17,701.73,126.38
2025-12-30,social,LinkedIn,17046,1210,1942,57,2762.65,85.23
2025-12-30,social,X,2367,141,196,23,1108.81,11.84
2025-12-30,social,YouTube,11547,564,764,20,1053.5,57.73
2025-12-30,social,Instagram,4226,271,297,28,766.03,21.13
2025-12-30,email,Mailchimp,17587,1103,818,39,2278.43,87.94
2025-12-30,website,Organic,8191,188,265,11,150.8,40.95
2025-12-30,paid,GoogleAds,4672,64,82,7,414.93,93.44
2025-12-31,social,LinkedIn,4532,90,52,1,11.01,22.66
2025-12-31,social,X,1079,11,7,0,0.0,5.4
2025-12-31,social,YouTube,11555,887,675,54,649.99,57.77
2025-12-31,social,Instagram,12894,258,382,12,238.18,64.47
2025-12-31,email,Mailchimp,9732,775,553,12,577.37,48.66
2025-12-31,website,Organic,4811,311,501,31,1820.42,24.05
2025-12-31,paid,GoogleAds,14071,948,563,42,1562.1,281.42
